item_id,title,Action,Adventure,Animation,Childrens,Comedy,Crime,Documentary,Drama,Fantasy,FilmNoir,Horror,Musical,Mystery,Romance,SciFi,Thriller,War,Western
242,Kolya (1996),0,0,0,0,1,0,0,0,0,0,0,0,0,0,0,0,0,0
302,L.A. Confidential (1997),0,0,0,0,0,1,0,0,0,1,0,0,1,0,0,1,0,0
51,Legends of the Fall (1994),0,0,0,0,0,0,0,1,0,0,0,0,0,1,0,0,1,1
346,Jackie Brown (1997),0,0,0,0,0,1,0,1,0,0,0,0,0,0,0,0,0,0
474,Dr. Strangelove or: How I Learned to Stop Worrying and Love the Bomb (1963),0,0,0,0,0,0,0,0,0,0,0,0,0,0,1,0,1,0
265,"Hunt for Red October, The (1990)",1,0,0,0,0,0,0,0,0,0,0,0,0,0,0,1,0,0
465,"Jungle Book, The (1994)",0,1,0,1,0,0,0,0,0,0,0,0,0,1,0,0,0,0
451,Grease (1978),0,0,0,0,1,0,0,0,0,0,0,1,0,1,0,0,0,0
86,"Remains of the Day, The (1993)",0,0,0,0,0,0,0,1,0,0,0,0,0,0,0,0,0,0
257,Men in Black (1997),1,1,0,0,1,0,0,0,0,0,0,0,0,0,1,0,0,0
1014,Romy and Michele's High School Reunion (1997),0,0,0,0,1,0,0,0,0,0,0,0,0,0,0,0,0,0
222,Star Trek: First Contact (1996),1,1,0,0,0,0,0,0,0,0,0,0,0,0,1,0,0,0
785,Only You (1994),0,0,0,0,1,0,0,0,0,0,0,0,0,1,0,0,0,0
387,"Age of Innocence, The (1993)",0,0,0,0,0,0,0,1,0,0,0,0,0,0,0,0,0,0
274,Sabrina (1995),0,0,0,0,1,0,0,0,0,0,0,0,0,1,0,0,0,0
1042,Just Cause (1995),0,0,0,0,0,0,0,0,0,0,0,0,1,0,0,1,0,0
392,"Man Without a Face, The (1993)",0,0,0,0,0,0,0,1,0,0,0,0,0,0,0,0,0,0
486,Sabrina (1954),0,0,0,0,1,0,0,0,0,0,0,0,0,1,0,0,0,0
144,Die Hard (1988),1,0,0,0,0,0,0,0,0,0,0,0,0,0,0,1,0,0
118,Twister (1996),1,1,0,0,0,0,0,0,0,0,0,0,0,0,0,1,0,0
1,Toy Story (1995),0,0,1,1,1,0,0,0,0,0,0,0,0,0,0,0,0,0
546,Broken Arrow (1996),1,0,0,0,0,0,0,0,0,0,0,0,0,0,0,1,0,0
95,Aladdin (1992),0,0,1,1,1,0,0,0,0,0,0,1,0,0,0,0,0,0
768,Casper (1995),0,1,0,1,0,0,0,0,0,0,0,0,0,0,0,0,0,0
277,Restoration (1995),0,0,0,0,0,0,0,1,0,0,0,0,0,0,0,0,0,0
234,Jaws (1975),1,0,0,0,0,0,0,0,0,0,1,0,0,0,0,0,0,0
246,Chasing Amy (1997),0,0,0,0,0,0,0,1,0,0,0,0,0,1,0,0,0,0
98,"Silence of the Lambs, The (1991)",0,0,0,0,0,0,0,1,0,0,0,0,0,0,0,1,0,0
193,"Right Stuff, The (1983)",0,0,0,0,0,0,0,1,0,0,0,0,0,0,0,0,0,0
88,Sleepless in Seattle (1993),0,0,0,0,1,0,0,0,0,0,0,0,0,1,0,0,0,0
194,"Sting, The (1973)",0,0,0,0,1,1,0,0,0,0,0,0,0,0,0,0,0,0
603,Rear Window (1954),0,0,0,0,0,0,0,0,0,0,0,0,1,0,0,1,0,0
796,Speechless (1994),0,0,0,0,1,0,0,0,0,0,0,0,0,1,0,0,0,0
32,Crumb (1994),0,0,0,0,0,0,1,0,0,0,0,0,0,0,0,0,0,0
16,French Twist (Gazon maudit) (1995),0,0,0,0,1,0,0,0,0,0,0,0,0,1,0,0,0,0
304,Fly Away Home (1996),0,1,0,1,0,0,0,0,0,0,0,0,0,0,0,0,0,0
979,"Trigger Effect, The (1996)",0,0,0,0,0,0,0,1,0,0,0,0,0,0,0,1,0,0
327,Cop Land (1997),0,0,0,0,0,1,0,1,0,0,0,0,1,0,0,0,0,0
201,Evil Dead II (1987),1,1,0,0,1,0,0,0,0,0,1,0,0,0,0,0,0,0
1137,Beautiful Thing (1996),0,0,0,0,0,0,0,1,0,0,0,0,0,1,0,0,0,0
241,"Last of the Mohicans, The (1992)",1,0,0,0,0,0,0,0,0,0,0,0,0,1,0,0,1,0
4,Get Shorty (1995),1,0,0,0,1,0,0,1,0,0,0,0,0,0,0,0,0,0
332,Kiss the Girls (1997),0,0,0,0,0,1,0,1,0,0,0,0,0,0,0,1,0,0
100,Fargo (1996),0,0,0,0,0,1,0,1,0,0,0,0,0,0,0,1,0,0
432,Fantasia (1940),0,0,1,1,0,0,0,0,0,0,0,1,0,0,0,0,0,0
322,Murder at 1600 (1997),0,0,0,0,0,0,0,0,0,0,0,0,1,0,0,1,0,0
181,Return of the Jedi (1983),1,1,0,0,0,0,0,0,0,0,0,0,0,1,1,0,1,0
196,Dead Poets Society (1989),0,0,0,0,0,0,0,1,0,0,0,0,0,0,0,0,0,0
679,Conan the Barbarian (1981),1,1,0,0,0,0,0,0,0,0,0,0,0,0,0,0,0,0
143,"Sound of Music, The (1965)",0,0,0,0,0,0,0,0,0,0,0,1,0,0,0,0,0,0
423,E.T. the Extra-Terrestrial (1982),0,0,0,1,0,0,0,1,1,0,0,0,0,0,1,0,0,0
515,"Boot, Das (1981)",1,0,0,0,0,0,0,1,0,0,0,0,0,0,0,0,1,0
20,Angels and Insects (1995),0,0,0,0,0,0,0,1,0,0,0,0,0,1,0,0,0,0
288,Scream (1996),0,0,0,0,0,0,0,0,0,0,1,0,0,0,0,1,0,0
219,"Nightmare on Elm Street, A (1984)",0,0,0,0,0,0,0,0,0,0,1,0,0,0,0,0,0,0
526,Ben-Hur (1959),1,1,0,0,0,0,0,1,0,0,0,0,0,0,0,0,0,0
919,"City of Lost Children, The (1995)",0,1,0,0,0,0,0,0,0,0,0,0,0,0,1,0,0,0
26,"Brothers McMullen, The (1995)",0,0,0,0,1,0,0,0,0,0,0,0,0,0,0,0,0,0
232,Young Guns (1988),1,0,0,0,1,0,0,0,0,0,0,0,0,0,0,0,0,1
427,To Kill a Mockingbird (1962),0,0,0,0,0,0,0,1,0,0,0,0,0,0,0,0,0,0
512,Wings of Desire (1987),0,0,0,0,1,0,0,1,0,0,0,0,0,1,0,0,0,0
15,Mr. Holland's Opus (1995),0,0,0,0,0,0,0,1,0,0,0,0,0,0,0,0,0,0
416,Old Yeller (1957),0,0,0,1,0,0,0,1,0,0,0,0,0,0,0,0,0,0
165,Jean de Florette (1986),0,0,0,0,0,0,0,1,0,0,0,0,0,0,0,0,0,0
690,Seven Years in Tibet (1997),0,0,0,0,0,0,0,1,0,0,0,0,0,0,0,0,1,0
248,Grosse Pointe Blank (1997),0,0,0,0,1,1,0,0,0,0,0,0,0,0,0,0,0,0
5,Copycat (1995),0,0,0,0,0,1,0,1,0,0,0,0,0,0,0,1,0,0
229,Star Trek III: The Search for Spock (1984),1,1,0,0,0,0,0,0,0,0,0,0,0,0,1,0,0,0
237,Jerry Maguire (1996),0,0,0,0,0,0,0,1,0,0,0,0,0,1,0,0,0,0
480,North by Northwest (1959),0,0,0,0,1,0,0,0,0,0,0,0,0,0,0,1,0,0
54,Outbreak (1995),1,0,0,0,0,0,0,1,0,0,0,0,0,0,0,1,0,0
366,Dangerous Minds (1995),0,0,0,0,0,0,0,1,0,0,0,0,0,0,0,0,0,0
518,Miller's Crossing (1990),0,0,0,0,0,0,0,1,0,0,0,0,0,0,0,0,0,0
403,Batman (1989),1,1,0,0,0,1,0,1,0,0,0,0,0,0,0,0,0,0
111,"Truth About Cats & Dogs, The (1996)",0,0,0,0,1,0,0,0,0,0,0,0,0,1,0,0,0,0
625,"Sword in the Stone, The (1963)",0,0,1,1,0,0,0,0,0,0,0,0,0,0,0,0,0,0
25,"Birdcage, The (1996)",0,0,0,0,1,0,0,0,0,0,0,0,0,0,0,0,0,0
1016,Con Air (1997),1,1,0,0,0,0,0,0,0,0,0,0,0,0,0,1,0,0
154,Monty Python's Life of Brian (1979),0,0,0,0,1,0,0,0,0,0,0,0,0,0,0,0,0,0
275,Sense and Sensibility (1995),0,0,0,0,0,0,0,1,0,0,0,0,0,1,0,0,0,0
1153,Backbeat (1993),0,0,0,0,0,0,0,1,0,0,0,1,0,0,0,0,0,0
498,"African Queen, The (1951)",1,1,0,0,0,0,0,0,0,0,0,0,0,1,0,0,1,0
382,"Adventures of Priscilla, Queen of the Desert, The (1994)",0,0,0,0,1,0,0,1,0,0,0,0,0,0,0,0,0,0
209,This Is Spinal Tap (1984),0,0,0,0,1,0,0,1,0,0,0,1,0,0,0,0,0,0
23,Taxi Driver (1976),0,0,0,0,0,0,0,1,0,0,0,0,0,0,0,1,0,0
294,Liar Liar (1997),0,0,0,0,1,0,0,0,0,0,0,0,0,0,0,0,0,0
208,Young Frankenstein (1974),0,0,0,0,1,0,0,0,0,0,1,0,0,0,0,0,0,0
685,Executive Decision (1996),1,0,0,0,0,0,0,0,0,0,0,0,0,0,0,1,0,0
328,Conspiracy Theory (1997),1,0,0,0,0,0,0,0,0,0,0,0,1,1,0,1,0,0
496,It's a Wonderful Life (1946),0,0,0,0,0,0,0,1,0,0,0,0,0,0,0,0,0,0
132,"Wizard of Oz, The (1939)",0,1,0,1,0,0,0,1,0,0,0,1,0,0,0,0,0,0
174,Raiders of the Lost Ark (1981),1,1,0,0,0,0,0,0,0,0,0,0,0,0,0,0,0,0
96,Terminator 2: Judgment Day (1991),1,0,0,0,0,0,0,0,0,0,0,0,0,0,1,1,0,0
151,Willy Wonka and the Chocolate Factory (1971),0,1,0,1,1,0,0,0,0,0,0,0,0,0,0,0,0,0
307,"Devil's Advocate, The (1997)",0,0,0,0,0,1,0,0,0,0,1,0,1,0,0,1,0,0
648,"Quiet Man, The (1952)",0,0,0,0,1,0,0,0,0,0,0,0,0,1,0,0,0,0
514,Annie Hall (1977),0,0,0,0,1,0,0,0,0,0,0,0,0,1,0,0,0,0
789,Swimming with Sharks (1995),0,0,0,0,1,0,0,1,0,0,0,0,0,0,0,0,0,0
485,My Fair Lady (1964),0,0,0,0,0,0,0,0,0,0,0,1,0,1,0,0,0,0
317,In the Name of the Father (1993),0,0,0,0,0,0,0,1,0,0,0,0,0,0,0,0,0,0
195,"Terminator, The (1984)",1,0,0,0,0,0,0,0,0,0,0,0,0,0,1,1,0,0
200,"Shining, The (1980)",0,0,0,0,0,0,0,0,0,0,1,0,0,0,0,0,0,0
385,True Lies (1994),1,1,0,0,1,0,0,0,0,0,0,0,0,1,0,0,0,0
750,Amistad (1997),0,0,0,0,0,0,0,1,0,0,0,0,0,0,0,0,0,0
245,"Devil's Own, The (1997)",1,0,0,0,0,0,0,1,0,0,0,0,0,0,0,1,1,0
135,2001: A Space Odyssey (1968),0,0,0,0,0,0,0,1,0,0,0,0,1,0,1,1,0,0
1147,My Family (1995),0,0,0,0,0,0,0,1,0,0,0,0,0,0,0,0,0,0
471,Courage Under Fire (1996),0,0,0,0,0,0,0,1,0,0,0,0,0,0,0,0,1,0
658,Pump Up the Volume (1990),0,0,0,0,0,0,0,1,0,0,0,0,0,0,0,0,0,0
140,Homeward Bound: The Incredible Journey (1993),0,1,0,1,0,0,0,0,0,0,0,0,0,0,0,0,0,0
815,One Fine Day (1996),0,0,0,0,0,0,0,1,0,0,0,0,0,1,0,0,0,0
479,Vertigo (1958),0,0,0,0,0,0,0,0,0,0,0,0,1,0,0,1,0,0
1211,Blue Sky (1994),0,0,0,0,0,0,0,1,0,0,0,0,0,1,0,0,0,0
1134,Get on the Bus (1996),0,0,0,0,0,0,0,1,0,0,0,0,0,0,0,0,0,0
836,Ninotchka (1939),0,0,0,0,1,0,0,0,0,0,0,0,0,1,0,0,0,0
272,Good Will Hunting (1997),0,0,0,0,0,0,0,1,0,0,0,0,0,0,0,0,0,0
787,Roommates (1995),0,0,0,0,1,0,0,1,0,0,0,0,0,0,0,0,0,0
14,"Postino, Il (1994)",0,0,0,0,0,0,0,1,0,0,0,0,0,1,0,0,0,0
955,Before Sunrise (1995),0,0,0,0,0,0,0,1,0,0,0,0,0,1,0,0,0,0
419,Mary Poppins (1964),0,0,0,1,1,0,0,0,0,0,0,1,0,0,0,0,0,0
405,Mission: Impossible (1996),1,1,0,0,0,0,0,0,0,0,0,0,1,0,0,0,0,0
504,Bonnie and Clyde (1967),0,0,0,0,0,1,0,1,0,0,0,0,0,0,0,0,0,0
466,Red Rock West (1992),0,0,0,0,0,0,0,0,0,0,0,0,0,0,0,1,0,0
117,"Rock, The (1996)",1,1,0,0,0,0,0,0,0,0,0,0,0,0,0,1,0,0
273,Heat (1995),1,0,0,0,0,1,0,0,0,0,0,0,0,0,0,1,0,0
559,Interview with the Vampire (1994),0,0,0,0,0,0,0,1,0,0,1,0,0,0,0,0,0,0
794,It Could Happen to You (1994),0,0,0,0,0,0,0,1,0,0,0,0,0,1,0,0,0,0
177,"Good, The Bad and The Ugly, The (1966)",1,0,0,0,0,0,0,0,0,0,0,0,0,0,0,0,0,1
2,GoldenEye (1995),1,1,0,0,0,0,0,0,0,0,0,0,0,0,0,1,0,0
137,Big Night (1996),0,0,0,0,0,0,0,1,0,0,0,0,0,0,0,0,0,0
164,"Abyss, The (1989)",1,1,0,0,0,0,0,0,0,0,0,0,0,0,1,1,0,0
281,"River Wild, The (1994)",1,0,0,0,0,0,0,0,0,0,0,0,0,0,0,1,0,0
1240,Ghost in the Shell (Kokaku kidotai) (1995),0,0,1,0,0,0,0,0,0,0,0,0,0,0,1,0,0,0
298,Face/Off (1997),1,0,0,0,0,0,0,0,0,0,0,0,0,0,1,1,0,0
443,"Birds, The (1963)",0,0,0,0,0,0,0,0,0,0,1,0,0,0,0,0,0,0
1035,Cool Runnings (1993),0,0,0,0,1,0,0,0,0,0,0,0,0,0,0,0,0,0
79,"Fugitive, The (1993)",1,0,0,0,0,0,0,0,0,0,0,0,0,0,0,1,0,0
258,Contact (1997),0,0,0,0,0,0,0,1,0,0,0,0,0,0,1,0,0,0
455,Jackie Chan's First Strike (1996),1,0,0,0,0,0,0,0,0,0,0,0,0,0,0,0,0,0
755,Jumanji (1995),1,1,0,1,0,0,0,0,1,0,0,0,0,0,1,0,0,0
673,Cape Fear (1962),0,0,0,0,0,0,0,0,0,1,0,0,0,0,0,1,0,0
172,"Empire Strikes Back, The (1980)",1,1,0,0,0,0,0,1,0,0,0,0,0,1,1,0,1,0
1267,Clockers (1995),0,0,0,0,0,0,0,1,0,0,0,0,0,0,0,0,0,0
216,When Harry Met Sally... (1989),0,0,0,0,1,0,0,0,0,0,0,0,0,1,0,0,0,0
61,Three Colors: White (1994),0,0,0,0,0,0,0,1,0,0,0,0,0,0,0,0,0,0
48,Hoop Dreams (1994),0,0,0,0,0,0,1,0,0,0,0,0,0,0,0,0,0,0
360,Wonderland (1997),0,0,0,0,0,0,1,0,0,0,0,0,0,0,0,0,0,0
77,"Firm, The (1993)",0,0,0,0,0,0,0,1,0,0,0,0,0,0,0,1,0,0
476,"First Wives Club, The (1996)",0,0,0,0,1,0,0,0,0,0,0,0,0,0,0,0,0,0
483,Casablanca (1942),0,0,0,0,0,0,0,1,0,0,0,0,0,1,0,0,1,0
748,"Saint, The (1997)",1,0,0,0,0,0,0,0,0,0,0,0,0,1,0,1,0,0
220,"Mirror Has Two Faces, The (1996)",0,0,0,0,1,0,0,0,0,0,0,0,0,1,0,0,0,0
255,My Best Friend's Wedding (1997),0,0,0,0,1,0,0,0,0,0,0,0,0,1,0,0,0,0
280,Up Close and Personal (1996),0,0,0,0,0,0,0,1,0,0,0,0,0,1,0,0,0,0
202,Groundhog Day (1993),0,0,0,0,1,0,0,0,0,0,0,0,0,1,0,0,0,0
408,"Close Shave, A (1995)",0,0,1,0,1,0,0,0,0,0,0,0,0,0,0,1,0,0
228,Star Trek: The Wrath of Khan (1982),1,1,0,0,0,0,0,0,0,0,0,0,0,0,1,0,0,0
1098,Flirting With Disaster (1996),0,0,0,0,1,0,0,0,0,0,0,0,0,0,0,0,0,0
347,Wag the Dog (1997),0,0,0,0,1,0,0,1,0,0,0,0,0,0,0,0,0,0
178,12 Angry Men (1957),0,0,0,0,0,0,0,1,0,0,0,0,0,0,0,0,0,0
478,"Philadelphia Story, The (1940)",0,0,0,0,1,0,0,0,0,0,0,0,0,1,0,0,0,0
10,Richard III (1995),0,0,0,0,0,0,0,1,0,0,0,0,0,0,0,0,1,0
127,"Godfather, The (1972)",1,0,0,0,0,1,0,1,0,0,0,0,0,0,0,0,0,0
69,Forrest Gump (1994),0,0,0,0,1,0,0,0,0,0,0,0,0,1,0,0,1,0
944,Renaissance Man (1994),0,0,0,0,1,0,0,1,0,0,0,0,0,0,0,0,1,0
214,Pink Floyd - The Wall (1982),0,0,0,0,0,0,0,1,0,0,0,1,0,0,0,0,1,0
1028,Grumpier Old Men (1995),0,0,0,0,1,0,0,0,0,0,0,0,0,1,0,0,0,0
109,Mystery Science Theater 3000: The Movie (1996),0,0,0,0,1,0,0,0,0,0,0,0,0,0,1,0,0,0
171,Delicatessen (1991),0,0,0,0,1,0,0,0,0,0,0,0,0,0,1,0,0,0
318,Schindler's List (1993),0,0,0,0,0,0,0,1,0,0,0,0,0,0,0,0,1,0
568,Speed (1994),1,0,0,0,0,0,0,0,0,0,0,0,0,1,0,1,0,0
842,Pollyanna (1960),0,0,0,1,1,0,0,1,0,0,0,0,0,0,0,0,0,0
65,What's Eating Gilbert Grape (1993),0,0,0,0,1,0,0,1,0,0,0,0,0,0,0,0,0,0
591,Primal Fear (1996),0,0,0,0,0,0,0,1,0,0,0,0,0,0,0,1,0,0
339,Mad City (1997),1,0,0,0,0,0,0,1,0,0,0,0,0,0,0,0,0,0
746,Real Genius (1985),0,0,0,0,1,0,0,0,0,0,0,0,0,0,0,0,0,0
68,"Crow, The (1994)",1,0,0,0,0,0,0,0,0,0,0,0,0,1,0,1,0,0
7,Twelve Monkeys (1995),0,0,0,0,0,0,0,1,0,0,0,0,0,0,1,0,0,0
1018,Tie Me Up! Tie Me Down! (1990),0,0,0,0,0,0,0,1,0,0,0,0,0,0,0,0,0,0
218,Cape Fear (1991),0,0,0,0,0,0,0,0,0,0,0,0,0,0,0,1,0,0
334,U Turn (1997),1,0,0,0,0,1,0,0,0,0,0,0,1,0,0,0,0,0
344,"Apostle, The (1997)",0,0,0,0,0,0,0,1,0,0,0,0,0,0,0,0,0,0
56,Pulp Fiction (1994),0,0,0,0,0,1,0,1,0,0,0,0,0,0,0,0,0,0
89,Blade Runner (1982),0,0,0,0,0,0,0,0,0,1,0,0,0,0,1,0,0,0
141,"20,000 Leagues Under the Sea (1954)",0,1,0,1,0,0,0,0,1,0,0,0,0,0,1,0,0,0
576,Cliffhanger (1993),1,1,0,0,0,1,0,0,0,0,0,0,0,0,0,0,0,0
133,Gone with the Wind (1939),0,0,0,0,0,0,0,1,0,0,0,0,0,1,0,0,1,0
153,"Fish Called Wanda, A (1988)",0,0,0,0,1,0,0,0,0,0,0,0,0,0,0,0,0,0
813,"Celluloid Closet, The (1995)",0,0,0,0,0,0,1,0,0,0,0,0,0,0,0,0,0,0
872,Love Jones (1997),0,0,0,0,0,0,0,0,0,0,0,0,0,1,0,0,0,0
507,"Streetcar Named Desire, A (1951)",0,0,0,0,0,0,0,1,0,0,0,0,0,0,0,0,0,0
367,Clueless (1995),0,0,0,0,1,0,0,0,0,0,0,0,0,0,0,0,0,0
468,Rudy (1993),0,0,0,0,0,0,0,1,0,0,0,0,0,0,0,0,0,0
595,"Fan, The (1996)",0,0,0,0,0,0,0,0,0,0,0,0,0,0,0,1,0,0
11,Seven (Se7en) (1995),0,0,0,0,0,1,0,0,0,0,0,0,0,0,0,1,0,0
520,"Great Escape, The (1963)",0,1,0,0,0,0,0,0,0,0,0,0,0,0,0,0,1,0
82,Jurassic Park (1993),1,1,0,0,0,0,0,0,0,0,0,0,0,0,1,0,0,0
501,Dumbo (1941),0,0,1,1,0,0,0,0,0,0,0,1,0,0,0,0,0,0
3,Four Rooms (1995),0,0,0,0,0,0,0,0,0,0,0,0,0,0,0,1,0,0
198,Nikita (La Femme Nikita) (1990),0,0,0,0,0,0,0,0,0,0,0,0,0,0,0,1,0,0
189,"Grand Day Out, A (1992)",0,0,1,0,1,0,0,0,0,0,0,0,0,0,0,0,0,0
705,Singin' in the Rain (1952),0,0,0,0,0,0,0,0,0,0,0,1,0,1,0,0,0,0
64,"Shawshank Redemption, The (1994)",0,0,0,0,0,0,0,1,0,0,0,0,0,0,0,0,0,0
357,One Flew Over the Cuckoo's Nest (1975),0,0,0,0,0,0,0,1,0,0,0,0,0,0,0,0,0,0
484,"Maltese Falcon, The (1941)",0,0,0,0,0,0,0,0,0,1,0,0,1,0,0,0,0,0
508,"People vs. Larry Flynt, The (1996)",0,0,0,0,0,0,0,1,0,0,0,0,0,0,0,0,0,0
303,Ulee's Gold (1997),0,0,0,0,0,0,0,1,0,0,0,0,0,0,0,0,0,0
215,Field of Dreams (1989),0,0,0,0,0,0,0,1,0,0,0,0,0,0,0,0,0,0
749,"MatchMaker, The (1997)",0,0,0,0,1,0,0,0,0,0,0,0,0,1,0,0,0,0
204,Back to the Future (1985),0,0,0,0,1,0,0,0,0,0,0,0,0,0,1,0,0,0
33,Desperado (1995),1,0,0,0,0,0,0,0,0,0,0,0,0,1,0,1,0,0
160,Glengarry Glen Ross (1992),0,0,0,0,0,0,0,1,0,0,0,0,0,0,0,0,0,0
321,Mother (1996),0,0,0,0,1,0,0,0,0,0,0,0,0,0,0,0,0,0
343,Alien: Resurrection (1997),1,0,0,0,0,0,0,0,0,0,1,0,0,0,1,0,0,0
227,Star Trek VI: The Undiscovered Country (1991),1,1,0,0,0,0,0,0,0,0,0,0,0,0,1,0,0,0
191,Amadeus (1984),0,0,0,0,0,0,0,1,0,0,0,0,1,0,0,0,0,0
903,Afterglow (1997),0,0,0,0,0,0,0,1,0,0,0,0,0,1,0,0,0,0
183,Alien (1979),1,0,0,0,0,0,0,0,0,0,1,0,0,0,1,1,0,0
724,Circle of Friends (1995),0,0,0,0,0,0,0,1,0,0,0,0,0,1,0,0,0,0
430,Duck Soup (1933),0,0,0,0,1,0,0,0,0,0,0,0,0,0,0,0,1,0
1197,"Family Thing, A (1996)",0,0,0,0,1,0,0,1,0,0,0,0,0,0,0,0,0,0
134,Citizen Kane (1941),0,0,0,0,0,0,0,1,0,0,0,0,0,0,0,0,0,0
751,Tomorrow Never Dies (1997),1,0,0,0,0,0,0,0,0,0,0,0,0,1,0,1,0,0
212,"Unbearable Lightness of Being, The (1988)",0,0,0,0,0,0,0,1,0,0,0,0,0,0,0,0,0,0
256,When the Cats Away (Chacun cherche son chat) (1996),0,0,0,0,1,0,0,0,0,0,0,0,0,1,0,0,0,0
662,Somewhere in Time (1980),0,0,0,0,0,0,0,1,0,0,0,0,0,1,0,0,0,0
1067,Bottle Rocket (1996),0,0,0,0,1,0,0,0,0,0,0,0,0,0,0,0,0,0
410,Kingpin (1996),0,0,0,0,1,0,0,0,0,0,0,0,0,0,0,0,0,0
879,"Peacemaker, The (1997)",1,0,0,0,0,0,0,0,0,0,0,0,0,0,0,1,1,0
271,Starship Troopers (1997),1,1,0,0,0,0,0,0,0,0,0,0,0,0,1,0,1,0
1086,It's My Party (1995),0,0,0,0,0,0,0,1,0,0,0,0,0,0,0,0,0,0
649,Once Upon a Time in America (1984),0,0,0,0,0,1,0,1,0,0,0,0,0,0,0,1,0,0
197,"Graduate, The (1967)",0,0,0,0,0,0,0,1,0,0,0,0,0,1,0,0,0,0
199,"Bridge on the River Kwai, The (1957)",0,0,0,0,0,0,0,1,0,0,0,0,0,0,0,0,1,0
709,Strictly Ballroom (1992),0,0,0,0,1,0,0,0,0,0,0,0,0,1,0,0,0,0
169,"Wrong Trousers, The (1993)",0,0,1,0,1,0,0,0,0,0,0,0,0,0,0,0,0,0
597,Eraser (1996),1,0,0,0,0,0,0,0,0,0,0,0,0,0,0,1,0,0
333,"Game, The (1997)",0,0,0,0,0,0,0,0,0,0,0,0,1,0,0,1,0,0
1115,Twelfth Night (1996),0,0,0,0,1,0,0,1,0,0,0,0,0,1,0,0,0,0
378,Miracle on 34th Street (1994),0,0,0,0,0,0,0,1,0,0,0,0,0,0,0,0,0,0
425,Bob Roberts (1992),0,0,0,0,1,0,0,0,0,0,0,0,0,0,0,0,0,0
959,Dazed and Confused (1993),0,0,0,0,1,0,0,0,0,0,0,0,0,0,0,0,0,0
1017,Trees Lounge (1996),0,0,0,0,0,0,0,1,0,0,0,0,0,0,0,0,0,0
175,Brazil (1985),0,0,0,0,0,0,0,0,0,0,0,0,0,0,1,0,0,0
286,"English Patient, The (1996)",0,0,0,0,0,0,0,1,0,0,0,0,0,1,0,0,1,0
558,Heavenly Creatures (1994),0,0,0,0,0,0,0,1,1,0,0,0,0,0,0,1,0,0
66,While You Were Sleeping (1995),0,0,0,0,1,0,0,0,0,0,0,0,0,1,0,0,0,0
206,Akira (1988),0,1,1,0,0,0,0,0,0,0,0,0,0,0,1,1,0,0
402,Ghost (1990),0,0,0,0,1,0,0,0,0,0,0,0,0,1,0,1,0,0
640,"Cook the Thief His Wife & Her Lover, The (1989)",0,0,0,0,0,0,0,1,0,0,0,0,0,0,0,0,0,0
522,Down by Law (1986),0,0,0,0,1,0,0,1,0,0,0,0,0,0,0,0,0,0
62,Stargate (1994),1,1,0,0,0,0,0,0,0,0,0,0,0,0,1,0,0,0
12,"Usual Suspects, The (1995)",0,0,0,0,0,1,0,0,0,0,0,0,0,0,0,1,0,0
291,Absolute Power (1997),0,0,0,0,0,0,0,0,0,0,0,0,1,0,0,1,0,0
462,Like Water For Chocolate (Como agua para chocolate) (1992),0,0,0,0,0,0,0,1,0,0,0,0,0,1,0,0,0,0
612,Lost Horizon (1937),0,0,0,0,0,0,0,1,0,0,0,0,0,0,0,0,0,0
845,That Thing You Do! (1996),0,0,0,0,1,0,0,0,0,0,0,0,0,0,0,0,0,0
163,"Return of the Pink Panther, The (1974)",0,0,0,0,1,0,0,0,0,0,0,0,0,0,0,0,0,0
1451,Foreign Correspondent (1940),0,0,0,0,0,0,0,0,0,0,0,0,0,0,0,1,0,0
250,"Fifth Element, The (1997)",1,0,0,0,0,0,0,0,0,0,0,0,0,0,1,0,0,0
186,"Blues Brothers, The (1980)",1,0,0,0,1,0,0,0,0,0,0,1,0,0,0,0,0,0
731,"Corrina, Corrina (1994)",0,0,0,0,1,0,0,1,0,0,0,0,0,1,0,0,0,0
71,"Lion King, The (1994)",0,0,1,1,0,0,0,0,0,0,0,1,0,0,0,0,0,0
781,French Kiss (1995),0,0,0,0,1,0,0,0,0,0,0,0,0,1,0,0,0,0
176,Aliens (1986),1,0,0,0,0,0,0,0,0,0,0,0,0,0,1,1,1,0
436,"American Werewolf in London, An (1981)",0,0,0,0,0,0,0,0,0,0,1,0,0,0,0,0,0,0
631,"Crying Game, The (1992)",1,0,0,0,0,0,0,1,0,0,0,0,0,1,0,0,1,0
716,Home for the Holidays (1995),0,0,0,0,0,0,0,1,0,0,0,0,0,1,0,0,0,0
188,Full Metal Jacket (1987),1,0,0,0,0,0,0,1,0,0,0,0,0,0,0,0,1,0
699,Little Women (1994),0,0,0,0,0,0,0,1,0,0,0,0,0,0,0,0,0,0
604,It Happened One Night (1934),0,0,0,0,1,0,0,0,0,0,0,0,0,0,0,0,0,0
97,Dances with Wolves (1990),0,1,0,0,0,0,0,1,0,0,0,0,0,0,0,0,0,1
173,"Princess Bride, The (1987)",1,1,0,0,1,0,0,0,0,0,0,0,0,1,0,0,0,0
460,"Crossing Guard, The (1995)",0,0,0,0,0,0,0,1,0,0,0,0,0,0,0,0,0,0
715,To Die For (1995),0,0,0,0,1,0,0,1,0,0,0,0,0,0,0,0,0,0
17,From Dusk Till Dawn (1996),1,0,0,0,1,1,0,0,0,0,1,0,0,0,0,1,0,0
315,Apt Pupil (1998),0,0,0,0,0,0,0,1,0,0,0,0,0,0,0,1,0,0
505,Dial M for Murder (1954),0,0,0,0,0,0,0,0,0,0,0,0,1,0,0,1,0,0
279,Once Upon a Time... When We Were Colored (1995),0,0,0,0,0,0,0,1,0,0,0,0,0,0,0,0,0,0
238,Raising Arizona (1987),0,0,0,0,1,0,0,0,0,0,0,0,0,0,0,0,0,0
60,Three Colors: Blue (1993),0,0,0,0,0,0,0,1,0,0,0,0,0,0,0,0,0,0
531,Shine (1996),0,0,0,0,0,0,0,1,0,0,0,0,0,1,0,0,0,0
587,"Hour of the Pig, The (1993)",0,0,0,0,0,0,0,1,0,0,0,0,1,0,0,0,0,0
47,Ed Wood (1994),0,0,0,0,1,0,0,1,0,0,0,0,0,0,0,0,0,0
217,Bram Stoker's Dracula (1992),0,0,0,0,0,0,0,0,0,0,1,0,0,1,0,0,0,0
596,"Hunchback of Notre Dame, The (1996)",0,0,1,1,0,0,0,0,0,0,0,1,0,0,0,0,0,0
960,Naked (1993),0,0,0,0,0,0,0,1,0,0,0,0,0,0,0,0,0,0
211,M*A*S*H (1970),0,0,0,0,1,0,0,0,0,0,0,0,0,0,0,0,1,0
1060,"Adventures of Pinocchio, The (1996)",0,1,0,1,0,0,0,0,0,0,0,0,0,0,0,0,0,0
404,Pinocchio (1940),0,0,1,1,0,0,0,0,0,0,0,0,0,0,0,0,0,0
305,"Ice Storm, The (1997)",0,0,0,0,0,0,0,1,0,0,0,0,0,0,0,0,0,0
210,Indiana Jones and the Last Crusade (1989),1,1,0,0,0,0,0,0,0,0,0,0,0,0,0,0,0,0
278,Bed of Roses (1996),0,0,0,0,0,0,0,1,0,0,0,0,0,1,0,0,0,0
770,Devil in a Blue Dress (1995),0,0,0,0,0,1,0,0,0,1,0,0,1,0,0,1,0,0
156,Reservoir Dogs (1992),0,0,0,0,0,1,0,0,0,0,0,0,0,0,0,1,0,0
350,Fallen (1998),1,0,0,0,0,0,0,0,0,0,0,0,1,0,0,1,0,0
431,Highlander (1986),1,1,0,0,0,0,0,0,0,0,0,0,0,0,0,0,0,0
475,Trainspotting (1996),0,0,0,0,0,0,0,1,0,0,0,0,0,0,0,0,0,0
182,GoodFellas (1990),0,0,0,0,0,1,0,1,0,0,0,0,0,0,0,0,0,0
50,Star Wars (1977),1,1,0,0,0,0,0,0,0,0,0,0,0,1,1,0,1,0
365,Powder (1995),0,0,0,0,0,0,0,1,0,0,0,0,0,0,0,0,0,0
187,"Godfather: Part II, The (1974)",1,0,0,0,0,1,0,1,0,0,0,0,0,0,0,0,0,0
185,Psycho (1960),0,0,0,0,0,0,0,0,0,0,1,0,0,1,0,1,0,0
712,Tin Men (1987),0,0,0,0,1,0,0,1,0,0,0,0,0,0,0,0,0,0
94,Home Alone (1990),0,0,0,1,1,0,0,0,0,0,0,0,0,0,0,0,0,0
742,Ransom (1996),0,0,0,0,0,0,0,1,0,0,0,0,0,0,0,1,0,0
762,Beautiful Girls (1996),0,0,0,0,0,0,0,1,0,0,0,0,0,0,0,0,0,0
732,Dave (1993),0,0,0,0,1,0,0,0,0,0,0,0,0,1,0,0,0,0
168,Monty Python and the Holy Grail (1974),0,0,0,0,1,0,0,0,0,0,0,0,0,0,0,0,0,0
550,Die Hard: With a Vengeance (1995),1,0,0,0,0,0,0,0,0,0,0,0,0,0,0,1,0,0
150,Swingers (1996),0,0,0,0,1,0,0,1,0,0,0,0,0,0,0,0,0,0
869,Fools Rush In (1997),0,0,0,0,1,0,0,0,0,0,0,0,0,1,0,0,0,0
184,Army of Darkness (1993),1,1,0,0,1,0,0,0,0,0,1,0,0,0,1,0,0,0
371,"Bridges of Madison County, The (1995)",0,0,0,0,0,0,0,1,0,0,0,0,0,1,0,0,0,0
720,First Knight (1995),1,1,0,0,0,0,0,1,0,0,0,0,0,1,0,0,0,0
381,Muriel's Wedding (1994),0,0,0,0,1,0,0,0,0,0,0,0,0,1,0,0,0,0
922,Dead Man (1995),0,0,0,0,0,0,0,0,0,0,0,0,0,0,0,0,0,1
57,Priest (1994),0,0,0,0,0,0,0,1,0,0,0,0,0,0,0,0,0,0
306,"Mrs. Brown (Her Majesty, Mrs. Brown) (1997)",0,0,0,0,0,0,0,1,0,0,0,0,0,1,0,0,0,0
249,Austin Powers: International Man of Mystery (1997),0,0,0,0,1,0,0,0,0,0,0,0,0,0,0,0,0,0
721,Mallrats (1995),0,0,0,0,1,0,0,0,0,0,0,0,0,0,0,0,0,0
611,Laura (1944),0,0,0,0,0,1,0,0,0,1,0,0,1,0,0,0,0,0
142,Bedknobs and Broomsticks (1971),0,1,0,1,0,0,0,0,0,0,0,1,0,0,0,0,0,0
943,Killing Zoe (1994),0,0,0,0,0,0,0,0,0,0,0,0,0,0,0,1,0,0
126,"Spitfire Grill, The (1996)",0,0,0,0,0,0,0,1,0,0,0,0,0,0,0,0,0,0
8,Babe (1995),0,0,0,1,1,0,0,1,0,0,0,0,0,0,0,0,0,0
58,Quiz Show (1994),0,0,0,0,0,0,0,1,0,0,0,0,0,0,0,0,0,0
741,"Last Supper, The (1995)",0,0,0,0,0,0,0,1,0,0,0,0,0,0,0,1,0,0
448,"Omen, The (1976)",0,0,0,0,0,0,0,0,0,0,1,0,0,0,0,0,0,0
900,Kundun (1997),0,0,0,0,0,0,0,1,0,0,0,0,0,0,0,0,0,0
941,With Honors (1994),0,0,0,0,1,0,0,1,0,0,0,0,0,0,0,0,0,0
905,Great Expectations (1998),0,0,0,0,0,0,0,1,0,0,0,0,0,1,0,0,0,0
1497,"Line King: Al Hirschfeld, The (1996)",0,0,0,0,0,0,1,0,0,0,0,0,0,0,0,0,0,0
55,"Professional, The (1994)",0,0,0,0,0,1,0,1,0,0,0,0,0,1,0,1,0,0
744,Michael Collins (1996),0,0,0,0,0,0,0,1,0,0,0,0,0,0,0,0,1,0
642,"Grifters, The (1990)",0,0,0,0,0,1,0,1,0,1,0,0,0,0,0,0,0,0
121,Independence Day (ID4) (1996),1,0,0,0,0,0,0,0,0,0,0,0,0,0,1,0,1,0
301,In & Out (1997),0,0,0,0,1,0,0,0,0,0,0,0,0,0,0,0,0,0
81,"Hudsucker Proxy, The (1994)",0,0,0,0,1,0,0,0,0,0,0,0,0,1,0,0,0,0
284,Tin Cup (1996),0,0,0,0,1,0,0,0,0,0,0,0,0,1,0,0,0,0
740,Jane Eyre (1996),0,0,0,0,0,0,0,1,0,0,0,0,0,1,0,0,0,0
22,Braveheart (1995),1,0,0,0,0,0,0,1,0,0,0,0,0,0,0,0,1,0
864,My Fellow Americans (1996),0,0,0,0,1,0,0,0,0,0,0,0,0,0,0,0,0,0
1099,"Red Firecracker, Green Firecracker (1994)",0,0,0,0,0,0,0,1,0,0,0,0,0,0,0,0,0,0
961,Orlando (1993),0,0,0,0,0,0,0,1,0,0,0,0,0,0,0,0,0,0
812,Andre (1994),0,1,0,1,0,0,0,0,0,0,0,0,0,0,0,0,0,0
399,"Three Musketeers, The (1993)",1,1,0,0,1,0,0,0,0,0,0,0,0,0,0,0,0,0
1039,Hamlet (1996),0,0,0,0,0,0,0,1,0,0,0,0,0,0,0,0,0,0
1114,Faithful (1996),0,0,0,0,1,0,0,0,0,0,0,0,0,0,0,0,0,0
292,Rosewood (1997),0,0,0,0,0,0,0,1,0,0,0,0,0,0,0,0,0,0
561,Mary Shelley's Frankenstein (1994),0,0,0,0,0,0,0,1,0,0,1,0,0,0,0,0,0,0
70,Four Weddings and a Funeral (1994),0,0,0,0,1,0,0,0,0,0,0,0,0,1,0,0,0,0
417,"Parent Trap, The (1961)",0,0,0,1,0,0,0,1,0,0,0,0,0,0,0,0,0,0
293,Donnie Brasco (1997),0,0,0,0,0,1,0,1,0,0,0,0,0,0,0,0,0,0
497,Bringing Up Baby (1938),0,0,0,0,1,0,0,0,0,0,0,0,0,0,0,0,0,0
1462,"Thieves (Voleurs, Les) (1996)",0,0,0,0,0,1,0,1,0,0,0,0,0,1,0,0,0,0
655,Stand by Me (1986),0,1,0,0,1,0,0,1,0,0,0,0,0,0,0,0,0,0
13,Mighty Aphrodite (1995),0,0,0,0,1,0,0,0,0,0,0,0,0,0,0,0,0,0
588,Beauty and the Beast (1991),0,0,1,1,0,0,0,0,0,0,0,1,0,0,0,0,0,0
409,Jack (1996),0,0,0,0,1,0,0,1,0,0,0,0,0,0,0,0,0,0
739,Pretty Woman (1990),0,0,0,0,1,0,0,0,0,0,0,0,0,1,0,0,0,0
661,High Noon (1952),0,0,0,0,0,0,0,0,0,0,0,0,0,0,0,0,0,1
692,"American President, The (1995)",0,0,0,0,1,0,0,1,0,0,0,0,0,1,0,0,0,0
632,Sophie's Choice (1982),0,0,0,0,0,0,0,1,0,0,0,0,0,0,0,0,0,0
1198,Purple Noon (1960),0,0,0,0,0,1,0,0,0,0,0,0,0,0,0,1,0,0
609,Father of the Bride (1950),0,0,0,0,1,0,0,0,0,0,0,0,0,0,0,0,0,0
128,Supercop (1992),1,0,0,0,0,0,0,0,0,0,0,0,0,0,0,1,0,0
866,Michael (1996),0,0,0,0,1,0,0,0,0,0,0,0,0,1,0,0,0,0
295,Breakdown (1997),1,0,0,0,0,0,0,0,0,0,0,0,0,0,0,1,0,0
49,I.Q. (1994),0,0,0,0,1,0,0,0,0,0,0,0,0,1,0,0,0,0
626,So Dear to My Heart (1949),0,0,0,1,0,0,0,1,0,0,0,0,0,0,0,0,0,0
707,Enchanted April (1991),0,0,0,0,0,0,0,1,0,0,0,0,0,0,0,0,0,0
593,Stalingrad (1993),0,0,0,0,0,0,0,0,0,0,0,0,0,0,0,0,1,0
147,"Long Kiss Goodnight, The (1996)",1,0,0,0,0,0,0,0,0,0,0,0,0,0,0,1,0,0
1220,Higher Learning (1995),0,0,0,0,0,0,0,1,0,0,0,0,0,0,0,0,0,0
492,East of Eden (1955),0,0,0,0,0,0,0,1,0,0,0,0,0,0,0,0,0,0
620,"Chamber, The (1996)",0,0,0,0,0,0,0,1,0,0,0,0,0,0,0,0,0,0
161,Top Gun (1986),1,0,0,0,0,0,0,0,0,0,0,0,0,1,0,0,0,0
1070,Living in Oblivion (1995),0,0,0,0,1,0,0,0,0,0,0,0,0,0,0,0,0,0
449,Star Trek: The Motion Picture (1979),1,1,0,0,0,0,0,0,0,0,0,0,0,0,1,0,0,0
509,My Left Foot (1989),0,0,0,0,0,0,0,1,0,0,0,0,0,0,0,0,0,0
39,Strange Days (1995),1,0,0,0,0,1,0,0,0,0,0,0,0,0,1,0,0,0
660,Fried Green Tomatoes (1991),0,0,0,0,0,0,0,1,0,0,0,0,0,0,0,0,0,0
1022,"Fast, Cheap & Out of Control (1997)",0,0,0,0,0,0,1,0,0,0,0,0,0,0,0,0,0,0
780,Dumb & Dumber (1994),0,0,0,0,1,0,0,0,0,0,0,0,0,0,0,0,0,0
44,Dolores Claiborne (1994),0,0,0,0,0,0,0,1,0,0,0,0,0,0,0,1,0,0
686,"Perfect World, A (1993)",1,0,0,0,0,0,0,1,0,0,0,0,0,0,0,0,0,0
28,Apollo 13 (1995),1,0,0,0,0,0,0,1,0,0,0,0,0,0,0,1,0,0
729,Nell (1994),0,0,0,0,0,0,0,1,0,0,0,0,0,0,0,0,0,0
52,"Madness of King George, The (1994)",0,0,0,0,0,0,0,1,0,0,0,0,0,0,0,0,0,0
230,Star Trek IV: The Voyage Home (1986),1,1,0,0,0,0,0,0,0,0,0,0,0,0,1,0,0,0
506,Rebel Without a Cause (1955),0,0,0,0,0,0,0,1,0,0,0,0,0,0,0,0,0,0
566,Clear and Present Danger (1994),1,1,0,0,0,0,0,0,0,0,0,0,0,0,0,1,0,0
433,Heathers (1989),0,0,0,0,1,0,0,0,0,0,0,0,0,0,0,0,0,0
99,Snow White and the Seven Dwarfs (1937),0,0,1,1,0,0,0,0,0,0,0,1,0,0,0,0,0,0
1288,Denise Calls Up (1995),0,0,0,0,1,0,0,0,0,0,0,0,0,0,0,0,0,0
190,Henry V (1989),0,0,0,0,0,0,0,1,0,0,0,0,0,0,0,0,1,0
1010,Basquiat (1996),0,0,0,0,0,0,0,1,0,0,0,0,0,0,0,0,0,0
487,Roman Holiday (1953),0,0,0,0,1,0,0,0,0,0,0,0,0,1,0,0,0,0
287,Marvin's Room (1996),0,0,0,0,0,0,0,1,0,0,0,0,0,0,0,0,0,0
659,Arsenic and Old Lace (1944),0,0,0,0,1,0,0,0,0,0,0,0,1,0,0,1,0,0
927,"Flower of My Secret, The (Flor de mi secreto, La) (1995)",0,0,0,0,0,0,0,1,0,0,0,0,0,0,0,0,0,0
696,City Hall (1996),0,0,0,0,0,0,0,1,0,0,0,0,0,0,0,1,0,0
269,"Full Monty, The (1997)",0,0,0,0,1,0,0,0,0,0,0,0,0,0,0,0,0,0
179,"Clockwork Orange, A (1971)",0,0,0,0,0,0,0,0,0,0,0,0,0,0,1,0,0,0
806,Menace II Society (1993),1,0,0,0,0,1,0,1,0,0,0,0,0,0,0,0,0,0
654,Chinatown (1974),0,0,0,0,0,0,0,0,0,1,0,0,1,0,0,1,0,0
324,Lost Highway (1997),0,0,0,0,0,0,0,0,0,0,0,0,1,0,0,0,0,0
736,Shadowlands (1993),0,0,0,0,0,0,0,1,0,0,0,0,0,1,0,0,0,0
92,True Romance (1993),1,0,0,0,0,1,0,0,0,0,0,0,0,1,0,0,0,0
461,Smoke (1995),0,0,0,0,0,0,0,1,0,0,0,0,0,0,0,0,0,0
129,Bound (1996),0,0,0,0,0,1,0,1,0,0,0,0,0,1,0,1,0,0
9,Dead Man Walking (1995),0,0,0,0,0,0,0,1,0,0,0,0,0,0,0,0,0,0
152,Sleeper (1973),0,0,0,0,1,0,0,0,0,0,0,0,0,0,1,0,0,0
233,Under Siege (1992),1,0,0,0,0,0,0,0,0,0,0,0,0,0,0,0,0,0
589,"Wild Bunch, The (1969)",0,0,0,0,0,0,0,0,0,0,0,0,0,0,0,0,0,1
203,Unforgiven (1992),0,0,0,0,0,0,0,0,0,0,0,0,0,0,0,0,0,1
923,Raise the Red Lantern (1991),0,0,0,0,0,0,0,1,0,0,0,0,0,0,0,0,0,0
463,"Secret of Roan Inish, The (1994)",0,1,0,0,0,0,0,0,0,0,0,0,0,0,0,0,0,0
310,"Rainmaker, The (1997)",0,0,0,0,0,0,0,1,0,0,0,0,0,0,0,0,0,0
285,Secrets & Lies (1996),0,0,0,0,0,0,0,1,0,0,0,0,0,0,0,0,0,0
447,Carrie (1976),0,0,0,0,0,0,0,0,0,0,1,0,0,0,0,0,0,0
1428,SubUrbia (1997),0,0,0,0,1,0,0,0,0,0,0,0,0,0,0,0,0,0
1065,Koyaanisqatsi (1983),0,0,0,0,0,0,1,0,0,0,0,0,0,0,0,0,1,0
421,William Shakespeare's Romeo and Juliet (1996),0,0,0,0,0,0,0,1,0,0,0,0,0,1,0,0,0,0
937,"Thousand Acres, A (1997)",0,0,0,0,0,0,0,1,0,0,0,0,0,0,0,0,0,0
583,Romeo Is Bleeding (1993),0,0,0,0,0,1,0,0,0,0,0,0,0,0,0,1,0,0
251,Shall We Dance? (1996),0,0,0,0,1,0,0,0,0,0,0,0,0,0,0,0,0,0
543,"Misérables, Les (1995)",0,0,0,0,0,0,0,1,0,0,0,1,0,0,0,0,0,0
155,Dirty Dancing (1987),0,0,0,0,0,0,0,0,0,0,0,1,0,1,0,0,0,0
393,Mrs. Doubtfire (1993),0,0,0,0,1,0,0,0,0,0,0,0,0,0,0,0,0,0
91,"Nightmare Before Christmas, The (1993)",0,0,0,1,1,0,0,0,0,0,0,1,0,0,0,0,0,0
477,Matilda (1996),0,0,0,1,1,0,0,0,0,0,0,0,0,0,0,0,0,0
472,Dragonheart (1996),1,1,0,0,0,0,0,0,1,0,0,0,0,0,0,0,0,0
761,Nick of Time (1995),1,0,0,0,0,0,0,0,0,0,0,0,0,0,0,1,0,0
1286,Shall We Dance? (1937),0,0,0,0,1,0,0,0,0,0,0,1,0,1,0,0,0,0
93,Welcome to the Dollhouse (1995),0,0,0,0,1,0,0,1,0,0,0,0,0,0,0,0,0,0
644,"Thin Blue Line, The (1988)",0,0,0,0,0,0,1,0,0,0,0,0,0,0,0,0,0,0
491,"Adventures of Robin Hood, The (1938)",1,1,0,0,0,0,0,0,0,0,0,0,0,0,0,0,0,0
511,Lawrence of Arabia (1962),0,1,0,0,0,0,0,0,0,0,0,0,0,0,0,0,1,0
162,On Golden Pond (1981),0,0,0,0,0,0,0,1,0,0,0,0,0,0,0,0,0,0
513,"Third Man, The (1949)",0,0,0,0,0,0,0,0,0,0,0,0,1,0,0,1,0,0
38,"Net, The (1995)",0,0,0,0,0,0,0,0,0,0,0,0,0,0,1,1,0,0
418,Cinderella (1950),0,0,1,1,0,0,0,0,0,0,0,1,0,0,0,0,0,0
131,Breakfast at Tiffany's (1961),0,0,0,0,0,0,0,1,0,0,0,0,0,1,0,0,0,0
87,Searching for Bobby Fischer (1993),0,0,0,0,0,0,0,1,0,0,0,0,0,0,0,0,0,0
72,"Mask, The (1994)",0,0,0,0,1,1,0,0,1,0,0,0,0,0,0,0,0,0
663,Being There (1979),0,0,0,0,1,0,0,0,0,0,0,0,0,0,0,0,0,0
125,Phenomenon (1996),0,0,0,0,0,0,0,1,0,0,0,0,0,1,0,0,0,0
1248,Blink (1994),0,0,0,0,0,0,0,0,0,0,0,0,0,0,0,1,0,0
354,"Wedding Singer, The (1998)",0,0,0,0,1,0,0,0,0,0,0,0,0,1,0,0,0,0
73,Maverick (1994),1,0,0,0,1,0,0,0,0,0,0,0,0,0,0,0,0,1
239,Sneakers (1992),0,0,0,0,0,1,0,1,0,0,0,0,0,0,1,0,0,0
1046,Malice (1993),0,0,0,0,0,0,0,0,0,0,0,0,0,0,0,1,0,0
523,Cool Hand Luke (1967),0,0,0,0,1,0,0,1,0,0,0,0,0,0,0,0,0,0
634,Microcosmos: Le peuple de l'herbe (1996),0,0,0,0,0,0,1,0,0,0,0,0,0,0,0,0,0,0
1245,Gridlock'd (1997),0,0,0,0,0,1,0,0,0,0,0,0,0,0,0,0,0,0
974,Eye for an Eye (1996),0,0,0,0,0,0,0,1,0,0,0,0,0,0,0,1,0,0
619,Extreme Measures (1996),0,0,0,0,0,0,0,1,0,0,0,0,0,0,0,1,0,0
107,Moll Flanders (1996),0,0,0,0,0,0,0,1,0,0,0,0,0,0,0,0,0,0
213,"Room with a View, A (1986)",0,0,0,0,0,0,0,1,0,0,0,0,0,1,0,0,0,0
319,Everyone Says I Love You (1996),0,0,0,0,1,0,0,0,0,0,0,1,0,1,0,0,0,0
963,Some Folks Call It a Sling Blade (1993),0,0,0,0,0,0,0,1,0,0,0,0,0,0,0,1,0,0
180,Apocalypse Now (1979),0,0,0,0,0,0,0,1,0,0,0,0,0,0,0,0,1,0
380,Star Trek: Generations (1994),1,1,0,0,0,0,0,0,0,0,0,0,0,0,1,0,0,0
59,Three Colors: Red (1994),0,0,0,0,0,0,0,1,0,0,0,0,0,0,0,0,0,0
148,"Ghost and the Darkness, The (1996)",1,1,0,0,0,0,0,0,0,0,0,0,0,0,0,0,0,0
524,"Great Dictator, The (1940)",0,0,0,0,1,0,0,0,0,0,0,0,0,0,0,0,0,0
995,"Kiss Me, Guido (1997)",0,0,0,0,1,0,0,0,0,0,0,0,0,0,0,0,0,0
616,Night of the Living Dead (1968),0,0,0,0,0,0,0,0,0,0,1,0,0,0,1,0,0,0
945,Charade (1963),0,0,0,0,1,0,0,0,0,0,0,0,1,1,0,1,0,0
792,Bullets Over Broadway (1994),0,0,0,0,1,0,0,0,0,0,0,0,0,0,0,0,0,0
708,"Sex, Lies, and Videotape (1989)",0,0,0,0,0,0,0,1,0,0,0,0,0,0,0,0,0,0
27,Bad Boys (1995),1,0,0,0,0,0,0,0,0,0,0,0,0,0,0,0,0,0
747,Benny & Joon (1993),0,0,0,0,1,0,0,0,0,0,0,0,0,1,0,0,0,0
85,"Ref, The (1994)",0,0,0,0,1,0,0,0,0,0,0,0,0,0,0,0,0,0
516,Local Hero (1983),0,0,0,0,1,0,0,0,0,0,0,0,0,0,0,0,0,0
1063,"Little Princess, A (1995)",0,0,0,1,0,0,0,1,0,0,0,0,0,0,0,0,0,0
682,I Know What You Did Last Summer (1997),0,0,0,0,0,0,0,0,0,0,1,0,1,0,0,1,0,0
221,Breaking the Waves (1996),0,0,0,0,0,0,0,1,0,0,0,0,0,0,0,0,0,0
1150,Last Dance (1996),0,0,0,0,0,0,0,1,0,0,0,0,0,0,0,0,0,0
847,Looking for Richard (1996),0,0,0,0,0,0,1,1,0,0,0,0,0,0,0,0,0,0
517,Manhattan (1979),0,0,0,0,1,0,0,1,0,0,0,0,0,1,0,0,0,0
283,Emma (1996),0,0,0,0,0,0,0,1,0,0,0,0,0,1,0,0,0,0
602,"American in Paris, An (1951)",0,0,0,0,0,0,0,0,0,0,0,1,0,1,0,0,0,0
617,"Blue Angel, The (Blaue Engel, Der) (1930)",0,0,0,0,0,0,0,1,0,0,0,0,0,0,0,0,0,0
703,Widows' Peak (1994),0,0,0,0,0,0,0,1,0,0,0,0,0,0,0,0,0,0
331,"Edge, The (1997)",0,1,0,0,0,0,0,0,0,0,0,0,0,0,0,1,0,0
949,How to Make an American Quilt (1995),0,0,0,0,0,0,0,1,0,0,0,0,0,1,0,0,0,0
488,Sunset Blvd. (1950),0,0,0,0,0,0,0,0,0,1,0,0,0,0,0,0,0,0
114,Wallace & Gromit: The Best of Aardman Animation (1996),0,0,1,0,0,0,0,0,0,0,0,0,0,0,0,0,0,0
24,Rumble in the Bronx (1995),1,1,0,0,0,1,0,0,0,0,0,0,0,0,0,0,0,0
763,Happy Gilmore (1996),0,0,0,0,1,0,0,0,0,0,0,0,0,0,0,0,0,0
43,Disclosure (1994),0,0,0,0,0,0,0,1,0,0,0,0,0,0,0,1,0,0
953,Unstrung Heroes (1995),0,0,0,0,1,0,0,1,0,0,0,0,0,0,0,0,0,0
510,"Magnificent Seven, The (1954)",1,0,0,0,0,0,0,1,0,0,0,0,0,0,0,0,0,1
372,Jeffrey (1995),0,0,0,0,1,0,0,0,0,0,0,0,0,0,0,0,0,0
435,Butch Cassidy and the Sundance Kid (1969),1,0,0,0,1,0,0,0,0,0,0,0,0,0,0,0,0,1
223,Sling Blade (1996),0,0,0,0,0,0,0,1,0,0,0,0,0,0,0,1,0,0
835,"Gay Divorcee, The (1934)",0,0,0,0,1,0,0,0,0,0,0,1,0,1,0,0,0,0
651,Glory (1989),1,0,0,0,0,0,0,1,0,0,0,0,0,0,0,0,1,0
316,As Good As It Gets (1997),0,0,0,0,1,0,0,1,0,0,0,0,0,0,0,0,0,0
580,"Englishman Who Went Up a Hill, But Came Down a Mountain, The (1995)",0,0,0,0,1,0,0,0,0,0,0,0,0,1,0,0,0,0
1041,Forget Paris (1995),0,0,0,0,1,0,0,0,0,0,0,0,0,1,0,0,0,0
429,"Day the Earth Stood Still, The (1951)",0,0,0,0,0,0,0,1,0,0,0,0,0,0,1,0,0,0
868,Hearts and Minds (1996),0,0,0,0,0,0,0,1,0,0,0,0,0,0,0,0,0,0
166,Manon of the Spring (Manon des sources) (1986),0,0,0,0,0,0,0,1,0,0,0,0,0,0,0,0,0,0
1019,"Die xue shuang xiong (Killer, The) (1989)",1,0,0,0,0,0,0,0,0,0,0,0,0,0,0,1,0,0
1160,Love! Valour! Compassion! (1997),0,0,0,0,0,0,0,1,0,0,0,0,0,1,0,0,0,0
676,"Crucible, The (1996)",0,0,0,0,0,0,0,1,0,0,0,0,0,0,0,0,0,0
1012,Private Parts (1997),0,0,0,0,1,0,0,1,0,0,0,0,0,0,0,0,0,0
693,Casino (1995),0,0,0,0,0,0,0,1,0,0,0,0,0,0,0,0,0,0
282,"Time to Kill, A (1996)",0,0,0,0,0,0,0,1,0,0,0,0,0,0,0,0,0,0
253,"Pillow Book, The (1995)",0,0,0,0,0,0,0,1,0,0,0,0,0,1,0,0,0,0
428,Harold and Maude (1971),0,0,0,0,1,0,0,0,0,0,0,0,0,0,0,0,0,0
300,Air Force One (1997),1,0,0,0,0,0,0,0,0,0,0,0,0,0,0,1,0,0
1119,Some Kind of Wonderful (1987),0,0,0,0,0,0,0,1,0,0,0,0,0,1,0,0,0,0
527,Gandhi (1982),0,0,0,0,0,0,0,1,0,0,0,0,0,0,0,0,0,0
1397,Of Human Bondage (1934),0,0,0,0,0,0,0,1,0,0,0,0,0,0,0,0,0,0
657,"Manchurian Candidate, The (1962)",0,0,0,0,0,0,0,0,0,1,0,0,0,0,0,1,0,0
1142,When We Were Kings (1996),0,0,0,0,0,0,1,0,0,0,0,0,0,0,0,0,0,0
113,"Horseman on the Roof, The (Hussard sur le toit, Le) (1995)",0,0,0,0,0,0,0,1,0,0,0,0,0,0,0,0,0,0
1109,Death and the Maiden (1994),0,0,0,0,0,0,0,1,0,0,0,0,0,0,0,1,0,0
116,Cold Comfort Farm (1995),0,0,0,0,1,0,0,0,0,0,0,0,0,0,0,0,0,0
898,"Postman, The (1997)",0,0,0,0,0,0,0,1,0,0,0,0,0,0,0,0,0,0
723,Boys on the Side (1995),0,0,0,0,1,0,0,1,0,0,0,0,0,0,0,0,0,0
582,"Piano, The (1993)",0,0,0,0,0,0,0,1,0,0,0,0,0,1,0,0,0,0
778,Don Juan DeMarco (1995),0,0,0,0,1,0,0,1,0,0,0,0,0,1,0,0,0,0
1007,Waiting for Guffman (1996),0,0,0,0,1,0,0,0,0,0,0,0,0,0,0,0,0,0
641,Paths of Glory (1957),0,0,0,0,0,0,0,1,0,0,0,0,0,0,0,0,1,0
1011,2 Days in the Valley (1996),0,0,0,0,0,1,0,0,0,0,0,0,0,0,0,0,0,0
1101,Six Degrees of Separation (1993),0,0,0,0,0,0,0,1,0,0,0,0,1,0,0,0,0,0
904,Ma vie en rose (My Life in Pink) (1997),0,0,0,0,1,0,0,1,0,0,0,0,0,0,0,0,0,0
312,Midnight in the Garden of Good and Evil (1997),0,0,0,0,1,1,0,1,0,0,0,0,1,0,0,0,0,0
1048,She's the One (1996),0,0,0,0,1,0,0,0,0,0,0,0,0,1,0,0,0,0
627,Robin Hood: Prince of Thieves (1991),0,0,0,0,0,0,0,1,0,0,0,0,0,0,0,0,0,0
1278,Selena (1997),0,0,0,0,0,0,0,1,0,0,0,1,0,0,0,0,0,0
499,Cat on a Hot Tin Roof (1958),0,0,0,0,0,0,0,1,0,0,0,0,0,0,0,0,0,0
1186,"Inkwell, The (1994)",0,0,0,0,1,0,0,1,0,0,0,0,0,0,0,0,0,0
207,Cyrano de Bergerac (1990),1,0,0,0,0,0,0,1,0,0,0,0,0,1,0,0,0,0
671,Bride of Frankenstein (1935),0,0,0,0,0,0,0,0,0,0,1,0,0,0,0,0,0,0
83,Much Ado About Nothing (1993),0,0,0,0,1,0,0,0,0,0,0,0,0,1,0,0,0,0
482,Some Like It Hot (1959),0,0,0,0,1,1,0,0,0,0,0,0,0,0,0,0,0,0
276,Leaving Las Vegas (1995),0,0,0,0,0,0,0,1,0,0,0,0,0,1,0,0,0,0
647,Ran (1985),0,0,0,0,0,0,0,1,0,0,0,0,0,0,0,0,1,0
578,Demolition Man (1993),1,0,0,0,0,0,0,0,0,0,0,0,0,0,1,0,0,0
1021,8 1/2 (1963),0,0,0,0,0,0,0,1,0,0,0,0,0,0,0,0,0,0
886,"Life Less Ordinary, A (1997)",0,0,0,0,0,0,0,0,0,0,0,0,0,1,0,1,0,0
855,Diva (1981),1,0,0,0,0,0,0,1,0,0,0,0,1,1,0,1,0,0
942,What's Love Got to Do with It (1993),0,0,0,0,0,0,0,1,0,0,0,0,0,0,0,0,0,0
1044,"Paper, The (1994)",0,0,0,0,1,0,0,1,0,0,0,0,0,0,0,0,0,0
290,Fierce Creatures (1997),0,0,0,0,1,0,0,0,0,0,0,0,0,0,0,0,0,0
848,"Murder, My Sweet (1944)",0,0,0,0,0,0,0,0,0,1,0,0,0,0,0,1,0,0
581,Kalifornia (1993),0,0,0,0,0,0,0,1,0,0,0,0,0,0,0,1,0,0
718,In the Bleak Midwinter (1995),0,0,0,0,1,0,0,0,0,0,0,0,0,0,0,0,0,0
337,"House of Yes, The (1997)",0,0,0,0,1,0,0,1,0,0,0,0,0,0,0,1,0,0
1107,Beyond Rangoon (1995),0,0,0,0,0,0,0,1,0,0,0,0,0,0,0,0,0,0
821,Mrs. Winterbourne (1996),0,0,0,0,1,0,0,0,0,0,0,0,0,1,0,0,0,0
553,"Walk in the Clouds, A (1995)",0,0,0,0,0,0,0,1,0,0,0,0,0,1,0,0,0,0
313,Titanic (1997),1,0,0,0,0,0,0,1,0,0,0,0,0,1,0,0,0,0
1218,Friday (1995),0,0,0,0,1,0,0,0,0,0,0,0,0,0,0,0,0,0
115,"Haunted World of Edward D. Wood Jr., The (1995)",0,0,0,0,0,0,1,0,0,0,0,0,0,0,0,0,0,0
1129,Chungking Express (1994),0,0,0,0,0,0,0,1,0,0,0,0,1,1,0,0,0,0
493,"Thin Man, The (1934)",0,0,0,0,0,0,0,0,0,0,0,0,1,0,0,0,0,0
205,Patton (1970),0,0,0,0,0,0,0,1,0,0,0,0,0,0,0,0,1,0
102,"Aristocats, The (1970)",0,0,1,1,0,0,0,0,0,0,0,0,0,0,0,0,0,0
494,His Girl Friday (1940),0,0,0,0,1,0,0,0,0,0,0,0,0,0,0,0,0,0
192,Raging Bull (1980),0,0,0,0,0,0,0,1,0,0,0,0,0,0,0,0,0,0
772,Kids (1995),0,0,0,0,0,0,0,1,0,0,0,0,0,0,0,0,0,0
921,Farewell My Concubine (1993),0,0,0,0,0,0,0,1,0,0,0,0,0,1,0,0,0,0
42,Clerks (1994),0,0,0,0,1,0,0,0,0,0,0,0,0,0,0,0,0,0
469,Short Cuts (1993),0,0,0,0,0,0,0,1,0,0,0,0,0,0,0,0,0,0
874,Career Girls (1997),0,0,0,0,0,0,0,1,0,0,0,0,0,0,0,0,0,0
1216,Kissed (1996),0,0,0,0,0,0,0,0,0,0,0,0,0,1,0,0,0,0
547,"Young Poisoner's Handbook, The (1995)",0,0,0,0,0,1,0,0,0,0,0,0,0,0,0,0,0,0
157,Platoon (1986),0,0,0,0,0,0,0,1,0,0,0,0,0,0,0,0,1,0
906,Oscar & Lucinda (1997),0,0,0,0,0,0,0,1,0,0,0,0,0,1,0,0,0,0
535,Addicted to Love (1997),0,0,0,0,1,0,0,0,0,0,0,0,0,1,0,0,0,0
470,Tombstone (1993),0,0,0,0,0,0,0,0,0,0,0,0,0,0,0,0,0,1
714,Carrington (1995),0,0,0,0,0,0,0,1,0,0,0,0,0,1,0,0,0,0
939,Murder in the First (1995),0,0,0,0,0,0,0,1,0,0,0,0,0,0,0,1,0,0
525,"Big Sleep, The (1946)",0,0,0,0,0,0,0,0,0,1,0,0,1,0,0,0,0,0
340,Boogie Nights (1997),0,0,0,0,0,0,0,1,0,0,0,0,0,0,0,0,0,0
530,"Man Who Would Be King, The (1975)",0,1,0,0,0,0,0,0,0,0,0,0,0,0,0,0,0,0
528,"Killing Fields, The (1984)",0,0,0,0,0,0,0,1,0,0,0,0,0,0,0,0,1,0
754,Red Corner (1997),0,0,0,0,0,1,0,0,0,0,0,0,0,0,0,1,0,0
226,Die Hard 2 (1990),1,0,0,0,0,0,0,0,0,0,0,0,0,0,0,1,0,0
745,"Ruling Class, The (1972)",0,0,0,0,1,0,0,0,0,0,0,0,0,0,0,0,0,0
846,To Gillian on Her 37th Birthday (1996),0,0,0,0,0,0,0,1,0,0,0,0,0,1,0,0,0,0
605,Meet Me in St. Louis (1944),0,0,0,0,0,0,0,0,0,0,0,1,0,0,0,0,0,0
1298,"Band Wagon, The (1953)",0,0,0,0,1,0,0,0,0,0,0,1,0,0,0,0,0,0
529,My Life as a Dog (Mitt liv som hund) (1985),0,0,0,0,0,0,0,1,0,0,0,0,0,0,0,0,0,0
244,Smilla's Sense of Snow (1997),1,0,0,0,0,0,0,1,0,0,0,0,0,0,0,1,0,0
90,So I Married an Axe Murderer (1993),0,0,0,0,1,0,0,0,0,0,0,0,0,1,0,1,0,0
1005,"Double vie de Véronique, La (Double Life of Veronique, The) (1991)",0,0,0,0,0,0,0,1,0,0,0,0,0,0,0,0,0,0
863,"Garden of Finzi-Contini, The (Giardino dei Finzi-Contini, Il) (1970)",0,0,0,0,0,0,0,1,0,0,0,0,0,0,0,0,0,0
473,James and the Giant Peach (1996),0,0,1,1,0,0,0,0,0,0,0,1,0,0,0,0,0,0
1281,Manny & Lo (1996),0,0,0,0,0,0,0,1,0,0,0,0,0,0,0,0,0,0
356,"Client, The (1994)",0,0,0,0,0,0,0,1,0,0,0,0,1,0,0,1,0,0
630,"Great Race, The (1965)",0,0,0,0,1,0,0,0,0,0,0,1,0,0,0,0,0,0
793,Crooklyn (1994),0,0,0,0,1,0,0,0,0,0,0,0,0,0,0,0,0,0
766,Man of the Year (1995),0,0,0,0,0,0,1,0,0,0,0,0,0,0,0,0,0,0
980,Mother Night (1996),0,0,0,0,0,0,0,1,0,0,0,0,0,0,0,0,0,0
710,Better Off Dead... (1985),0,0,0,0,1,0,0,0,0,0,0,0,0,0,0,0,0,0
615,"39 Steps, The (1935)",0,0,0,0,0,0,0,0,0,0,0,0,0,0,0,1,0,0
101,Heavy Metal (1981),1,1,1,0,0,0,0,0,0,0,1,0,0,0,1,0,0,0
697,"Basketball Diaries, The (1995)",0,0,0,0,0,0,0,1,0,0,0,0,0,0,0,0,0,0
684,In the Line of Fire (1993),1,0,0,0,0,0,0,0,0,0,0,0,0,0,0,1,0,0
971,Mediterraneo (1991),0,0,0,0,1,0,0,0,0,0,0,0,0,0,0,0,1,0
1116,"Mark of Zorro, The (1940)",0,1,0,0,0,0,0,0,0,0,0,0,0,0,0,0,0,0
267,unknown,0,0,0,0,0,0,0,0,0,0,0,0,0,0,0,0,0,0
853,Braindead (1992),0,0,0,0,1,0,0,0,0,0,1,0,0,0,0,0,0,0
311,"Wings of the Dove, The (1997)",0,0,0,0,0,0,0,1,0,0,0,0,0,1,0,1,0,0
1073,Shallow Grave (1994),0,0,0,0,0,0,0,0,0,0,0,0,0,0,0,1,0,0
975,Fear (1996),0,0,0,0,0,0,0,0,0,0,0,0,0,0,0,1,0,0
361,Incognito (1997),0,0,0,0,0,1,0,0,0,0,0,0,0,0,0,1,0,0
643,The Innocent (1994),0,0,0,0,0,0,0,1,0,0,0,0,0,1,0,0,0,0
704,"House of the Spirits, The (1993)",0,0,0,0,0,0,0,1,0,0,0,0,0,1,0,0,0,0
990,Anna Karenina (1997),0,0,0,0,0,0,0,1,0,0,0,0,0,1,0,0,0,0
969,Winnie the Pooh and the Blustery Day (1968),0,0,1,1,0,0,0,0,0,0,0,0,0,0,0,0,0,0
650,"Seventh Seal, The (Sjunde inseglet, Det) (1957)",0,0,0,0,0,0,0,1,0,0,0,0,0,0,0,0,0,0
320,Paradise Lost: The Child Murders at Robin Hood Hills (1996),0,0,0,0,0,0,1,0,0,0,0,0,0,0,0,0,0,0
63,"Santa Clause, The (1994)",0,0,0,1,1,0,0,0,0,0,0,0,0,0,0,0,0,0
965,Funny Face (1957),0,0,0,0,1,0,0,0,0,0,0,1,0,0,0,0,0,0
652,Rosencrantz and Guildenstern Are Dead (1990),0,0,0,0,1,0,0,1,0,0,0,0,0,0,0,0,0,0
882,Washington Square (1997),0,0,0,0,0,0,0,1,0,0,0,0,0,0,0,0,0,0
614,Giant (1956),0,0,0,0,0,0,0,1,0,0,0,0,0,0,0,0,0,0
67,Ace Ventura: Pet Detective (1994),0,0,0,0,1,0,0,0,0,0,0,0,0,0,0,0,0,0
624,"Three Caballeros, The (1945)",0,0,1,1,0,0,0,0,0,0,0,1,0,0,0,0,0,0
797,Timecop (1994),1,0,0,0,0,0,0,0,0,0,0,0,0,0,1,0,0,0
883,Telling Lies in America (1997),0,0,0,0,0,0,0,1,0,0,0,0,0,0,0,0,0,0
752,"Replacement Killers, The (1998)",1,0,0,0,0,0,0,0,0,0,0,0,0,0,0,1,0,0
1315,Inventing the Abbotts (1997),0,0,0,0,0,0,0,1,0,0,0,0,0,1,0,0,0,0
345,Deconstructing Harry (1997),0,0,0,0,1,0,0,1,0,0,0,0,0,0,0,0,0,0
1194,Once Were Warriors (1994),0,0,0,0,0,1,0,1,0,0,0,0,0,0,0,0,0,0
464,Vanya on 42nd Street (1994),0,0,0,0,0,0,0,1,0,0,0,0,0,0,0,0,0,0
536,Ponette (1996),0,0,0,0,0,0,0,1,0,0,0,0,0,0,0,0,0,0
880,Soul Food (1997),0,0,0,0,0,0,0,1,0,0,0,0,0,0,0,0,0,0
629,Victor/Victoria (1982),0,0,0,0,1,0,0,0,0,0,0,1,0,0,0,0,0,0
544,Things to Do in Denver when You're Dead (1995),0,0,0,0,0,1,0,1,0,0,0,0,0,1,0,0,0,0
170,Cinema Paradiso (1988),0,0,0,0,1,0,0,1,0,0,0,0,0,1,0,0,0,0
1518,Losing Isaiah (1995),0,0,0,0,0,0,0,1,0,0,0,0,0,0,0,0,0,0
618,Picnic (1955),0,0,0,0,0,0,0,1,0,0,0,0,0,0,0,0,0,0
326,G.I. Jane (1997),1,0,0,0,0,0,0,1,0,0,0,0,0,0,0,0,1,0
123,"Frighteners, The (1996)",0,0,0,0,1,0,0,0,0,0,1,0,0,0,0,0,0,0
628,Sleepers (1996),0,0,0,0,0,1,0,1,0,0,0,0,0,0,0,0,0,0
262,In the Company of Men (1997),0,0,0,0,0,0,0,1,0,0,0,0,0,0,0,0,0,0
31,Crimson Tide (1995),0,0,0,0,0,0,0,1,0,0,0,0,0,0,0,1,1,0
414,My Favorite Year (1982),0,0,0,0,1,0,0,0,0,0,0,0,0,0,0,0,0,0
490,To Catch a Thief (1955),0,0,0,0,1,0,0,0,0,0,0,0,0,1,0,1,0,0
149,Jude (1996),0,0,0,0,0,0,0,1,0,0,0,0,0,0,0,0,0,0
124,Lone Star (1996),0,0,0,0,0,0,0,1,0,0,0,0,1,0,0,0,0,0
570,Wyatt Earp (1994),0,0,0,0,0,0,0,0,0,0,0,0,0,0,0,0,0,1
843,"Shaggy Dog, The (1959)",0,0,0,1,1,0,0,0,0,0,0,0,0,0,0,0,0,0
844,Freeway (1996),0,0,0,0,0,1,0,0,0,0,0,0,0,0,0,0,0,0
420,Alice in Wonderland (1951),0,0,1,1,0,0,0,0,0,0,0,1,0,0,0,0,0,0
895,Scream 2 (1997),0,0,0,0,0,0,0,0,0,0,1,0,0,0,0,1,0,0
1149,Walkabout (1971),0,0,0,0,0,0,0,1,0,0,0,0,0,0,0,0,0,0
606,All About Eve (1950),0,0,0,0,0,0,0,1,0,0,0,0,0,0,0,0,0,0
584,"Secret Garden, The (1993)",0,0,0,1,0,0,0,1,0,0,0,0,0,0,0,0,0,0
521,"Deer Hunter, The (1978)",0,0,0,0,0,0,0,1,0,0,0,0,0,0,0,0,1,0
728,Junior (1994),0,0,0,0,1,0,0,0,0,0,0,0,0,0,1,0,0,0
689,"Jackal, The (1997)",1,0,0,0,0,0,0,0,0,0,0,0,0,0,0,1,0,0
329,Desperate Measures (1998),0,0,0,0,0,1,0,1,0,0,0,0,0,0,0,1,0,0
159,Basic Instinct (1992),0,0,0,0,0,0,0,0,0,0,0,0,1,0,0,1,0,0
489,Notorious (1946),0,0,0,0,0,0,0,0,0,1,0,0,0,1,0,1,0,0
1266,Bread and Chocolate (Pane e cioccolata) (1973),0,0,0,0,0,0,0,1,0,0,0,0,0,0,0,0,0,0
636,Escape from New York (1981),1,1,0,0,0,0,0,0,0,0,0,0,0,0,1,1,0,0
533,"Daytrippers, The (1996)",0,0,0,0,0,0,0,0,0,0,0,0,1,0,0,0,0,0
495,Around the World in 80 Days (1956),0,1,0,0,1,0,0,0,0,0,0,0,0,0,0,0,0,0
1093,Live Nude Girls (1995),0,0,0,0,1,0,0,0,0,0,0,0,0,0,0,0,0,0
1492,Window to Paris (1994),0,0,0,0,1,0,0,0,0,0,0,0,0,0,0,0,0,0
30,Belle de jour (1967),0,0,0,0,0,0,0,1,0,0,0,0,0,0,0,0,0,0
958,To Live (Huozhe) (1994),0,0,0,0,0,0,0,1,0,0,0,0,0,0,0,0,0,0
702,Barcelona (1994),0,0,0,0,1,0,0,0,0,0,0,0,0,1,0,0,0,0
1020,Gaslight (1944),0,0,0,0,0,0,0,0,0,0,0,0,1,0,0,1,0,0
947,"Big Blue, The (Grand bleu, Le) (1988)",0,1,0,0,0,0,0,0,0,0,0,0,0,1,0,0,0,0
1000,Lightning Jack (1994),0,0,0,0,1,0,0,0,0,0,0,0,0,0,0,0,0,1
622,Swiss Family Robinson (1960),0,1,0,1,0,0,0,0,0,0,0,0,0,0,0,0,0,0
481,"Apartment, The (1960)",0,0,0,0,1,0,0,1,0,0,0,0,0,0,0,0,0,0
532,Kama Sutra: A Tale of Love (1996),0,0,0,0,0,0,0,0,0,0,0,0,0,1,0,0,0,0
915,Primary Colors (1998),0,0,0,0,0,0,0,1,0,0,0,0,0,0,0,0,0,0
502,Bananas (1971),0,0,0,0,1,0,0,0,0,0,0,0,0,0,0,0,1,0
330,187 (1997),0,0,0,0,0,0,0,1,0,0,0,0,0,0,0,0,0,0
727,Immortal Beloved (1994),0,0,0,0,0,0,0,1,0,0,0,0,0,1,0,0,0,0
993,Hercules (1997),0,1,1,1,1,0,0,0,0,0,0,1,0,0,0,0,0,0
136,Mr. Smith Goes to Washington (1939),0,0,0,0,0,0,0,1,0,0,0,0,0,0,0,0,0,0
562,"Quick and the Dead, The (1995)",1,1,0,0,0,0,0,0,0,0,0,0,0,0,0,0,0,1
653,Touch of Evil (1958),0,0,0,0,0,1,0,0,0,1,0,0,0,0,0,1,0,0
74,Faster Pussycat! Kill! Kill! (1965),1,0,0,0,1,0,0,1,0,0,0,0,0,0,0,0,0,0
45,Eat Drink Man Woman (1994),0,0,0,0,1,0,0,1,0,0,0,0,0,0,0,0,0,0
867,"Whole Wide World, The (1996)",0,0,0,0,0,0,0,1,0,0,0,0,0,0,0,0,0,0
1118,Up in Smoke (1978),0,0,0,0,1,0,0,0,0,0,0,0,0,0,0,0,0,0
610,Gigi (1958),0,0,0,0,0,0,0,0,0,0,0,1,0,0,0,0,0,0
887,Eve's Bayou (1997),0,0,0,0,0,0,0,1,0,0,0,0,0,0,0,0,0,0
1299,Penny Serenade (1941),0,0,0,0,0,0,0,1,0,0,0,0,0,1,0,0,0,0
918,City of Angels (1998),0,0,0,0,0,0,0,0,0,0,0,0,0,1,0,0,0,0
41,Billy Madison (1995),0,0,0,0,1,0,0,0,0,0,0,0,0,0,0,0,0,0
1066,Balto (1995),0,0,1,1,0,0,0,0,0,0,0,0,0,0,0,0,0,0
1117,Surviving Picasso (1996),0,0,0,0,0,0,0,1,0,0,0,0,0,0,0,0,0,0
1169,Fresh (1994),0,0,0,0,0,0,0,1,0,0,0,0,0,0,0,0,0,0
1262,Walking and Talking (1996),0,0,0,0,0,0,0,0,0,0,0,0,0,1,0,0,0,0
270,Gattaca (1997),0,0,0,0,0,0,0,1,0,0,0,0,0,0,1,1,0,0
1053,Now and Then (1995),0,0,0,0,0,0,0,1,0,0,0,0,0,0,0,0,0,0
607,Rebecca (1940),0,0,0,0,0,0,0,0,0,0,0,0,0,1,0,1,0,0
925,Unforgettable (1996),0,0,0,0,0,0,0,0,0,0,0,0,0,0,1,1,0,0
928,"Craft, The (1996)",0,0,0,0,0,0,0,1,0,0,1,0,0,0,0,0,0,0
394,Radioland Murders (1994),0,0,0,0,1,0,0,0,0,0,0,0,1,1,0,0,0,0
549,Rob Roy (1995),0,0,0,0,0,0,0,1,0,0,0,0,0,1,0,0,1,0
341,Critical Care (1997),0,0,0,0,1,0,0,0,0,0,0,0,0,0,0,0,0,0
1009,Stealing Beauty (1996),0,0,0,0,0,0,0,1,0,0,0,0,0,0,0,0,0,0
467,"Bronx Tale, A (1993)",0,0,0,0,0,0,0,1,0,0,0,0,0,0,0,0,0,0
811,Thirty-Two Short Films About Glenn Gould (1993),0,0,0,0,0,0,1,0,0,0,0,0,0,0,0,0,0,0
805,Manhattan Murder Mystery (1993),0,0,0,0,1,0,0,0,0,0,0,0,1,0,0,0,0,0
519,"Treasure of the Sierra Madre, The (1948)",0,1,0,0,0,0,0,0,0,0,0,0,0,0,0,0,0,0
84,Robert A. Heinlein's The Puppet Masters (1994),0,0,0,0,0,0,0,0,0,0,1,0,0,0,1,0,0,0
1113,Mrs. Parker and the Vicious Circle (1994),0,0,0,0,0,0,0,1,0,0,0,0,0,0,0,0,0,0
1306,Delta of Venus (1994),0,0,0,0,0,0,0,1,0,0,0,0,0,0,0,0,0,0
638,"Return of Martin Guerre, The (Retour de Martin Guerre, Le) (1982)",0,0,0,0,0,0,0,1,0,0,0,0,0,0,0,0,0,0
1131,Safe (1995),0,0,0,0,0,0,0,0,0,0,0,0,0,0,0,1,0,0
1069,Amateur (1994),0,0,0,0,0,1,0,1,0,0,0,0,0,0,0,1,0,0
1084,Anne Frank Remembered (1995),0,0,0,0,0,0,1,0,0,0,0,0,0,0,0,0,0,0
359,"Assignment, The (1997)",0,0,0,0,0,0,0,0,0,0,0,0,0,0,0,1,0,0
884,Year of the Horse (1997),0,0,0,0,0,0,1,0,0,0,0,0,0,0,0,0,0,0
691,Dark City (1998),0,0,0,0,0,0,0,0,0,1,0,0,0,0,1,1,0,0
954,Unzipped (1995),0,0,0,0,0,0,1,0,0,0,0,0,0,0,0,0,0,0
445,"Body Snatcher, The (1945)",0,0,0,0,0,0,0,0,0,0,1,0,0,0,0,0,0,0
108,Kids in the Hall: Brain Candy (1996),0,0,0,0,1,0,0,0,0,0,0,0,0,0,0,0,0,0
76,Carlito's Way (1993),0,0,0,0,0,1,0,1,0,0,0,0,0,0,0,0,0,0
1328,Of Love and Shadows (1994),0,0,0,0,0,0,0,1,0,0,0,0,0,0,0,0,0,0
1170,Spanking the Monkey (1994),0,0,0,0,1,0,0,1,0,0,0,0,0,0,0,0,0,0
1265,Star Maps (1997),0,0,0,0,0,0,0,1,0,0,0,0,0,0,0,0,0,0
735,Philadelphia (1993),0,0,0,0,0,0,0,1,0,0,0,0,0,0,0,0,0,0
833,Bulletproof (1996),1,0,0,0,0,0,0,0,0,0,0,0,0,0,0,0,0,0
434,Forbidden Planet (1956),0,0,0,0,0,0,0,0,0,0,0,0,0,0,1,0,0,0
224,Ridicule (1996),0,0,0,0,0,0,0,1,0,0,0,0,0,0,0,0,0,0
966,"Affair to Remember, An (1957)",0,0,0,0,0,0,0,0,0,0,0,0,0,1,0,0,0,0
675,"Nosferatu (Nosferatu, eine Symphonie des Grauens) (1922)",0,0,0,0,0,0,0,0,0,0,1,0,0,0,0,0,0,0
633,"Christmas Carol, A (1938)",0,0,0,0,0,0,0,1,0,0,0,0,0,0,0,0,0,0
924,White Squall (1996),0,1,0,0,0,0,0,1,0,0,0,0,0,0,0,0,0,0
825,"Arrival, The (1996)",1,0,0,0,0,0,0,0,0,0,0,0,0,0,1,1,0,0
389,Black Beauty (1994),0,1,0,1,0,0,0,0,0,0,0,0,0,0,0,0,0,0
1189,Prefontaine (1997),0,0,0,0,0,0,0,1,0,0,0,0,0,0,0,0,0,0
613,My Man Godfrey (1936),0,0,0,0,1,0,0,0,0,0,0,0,0,0,0,0,0,0
656,M (1931),0,0,0,0,0,1,0,0,0,1,0,0,0,0,0,1,0,0
946,"Fox and the Hound, The (1981)",0,0,1,1,0,0,0,0,0,0,0,0,0,0,0,0,0,0
1172,"Women, The (1939)",0,0,0,0,1,0,0,0,0,0,0,0,0,0,0,0,0,0
1187,Switchblade Sisters (1975),0,0,0,0,0,1,0,0,0,0,0,0,0,0,0,0,0,0
856,Night on Earth (1991),0,0,0,0,1,0,0,1,0,0,0,0,0,0,0,0,0,0
6,Shanghai Triad (Yao a yao yao dao waipo qiao) (1995),0,0,0,0,0,0,0,1,0,0,0,0,0,0,0,0,0,0
964,"Month by the Lake, A (1995)",0,0,0,0,1,0,0,1,0,0,0,0,0,0,0,0,0,0
1043,Rent-a-Kid (1995),0,0,0,0,1,0,0,0,0,0,0,0,0,0,0,0,0,0
694,Persuasion (1995),0,0,0,0,0,0,0,0,0,0,0,0,0,1,0,0,0,0
1141,"War Room, The (1993)",0,0,0,0,0,0,1,0,0,0,0,0,0,0,0,0,0,0
733,Go Fish (1994),0,0,0,0,0,0,0,1,0,0,0,0,0,1,0,0,0,0
1051,"Associate, The (1996)",0,0,0,0,1,0,0,0,0,0,0,0,0,0,0,0,0,0
19,Antonia's Line (1995),0,0,0,0,0,0,0,1,0,0,0,0,0,0,0,0,0,0
962,Ruby in Paradise (1993),0,0,0,0,0,0,0,1,0,0,0,0,0,0,0,0,0,0
1203,Top Hat (1935),0,0,0,0,1,0,0,0,0,0,0,1,0,1,0,0,0,0
1097,"Hate (Haine, La) (1995)",0,0,0,0,0,0,0,1,0,0,0,0,0,0,0,0,0,0
458,Nixon (1995),0,0,0,0,0,0,0,1,0,0,0,0,0,0,0,0,0,0
1062,Four Days in September (1997),0,0,0,0,0,0,0,1,0,0,0,0,0,0,0,0,0,0
608,Spellbound (1945),0,0,0,0,0,0,0,0,0,0,0,0,1,1,0,1,0,0
557,Farinelli: il castrato (1994),0,0,0,0,0,0,0,1,0,0,0,1,0,0,0,0,0,0
936,Brassed Off (1996),0,0,0,0,1,0,0,1,0,0,0,0,0,1,0,0,0,0
1498,Farmer & Chase (1995),0,0,0,0,1,0,0,0,0,0,0,0,0,0,0,0,0,0
1050,"Ghost and Mrs. Muir, The (1947)",0,0,0,0,0,0,0,1,0,0,0,0,0,1,0,0,0,0
1268,Bitter Moon (1992),0,0,0,0,0,0,0,1,0,0,0,0,0,0,0,0,0,0
1372,"Stranger, The (1994)",1,0,0,0,0,0,0,0,0,0,0,0,0,0,0,0,0,0
646,Once Upon a Time in the West (1969),0,0,0,0,0,0,0,0,0,0,0,0,0,0,0,0,0,1
902,"Big Lebowski, The (1998)",0,0,0,0,1,1,0,0,0,0,0,0,1,0,0,1,0,0
1277,Set It Off (1996),1,0,0,0,0,1,0,0,0,0,0,0,0,0,0,0,0,0
972,Passion Fish (1992),0,0,0,0,0,0,0,1,0,0,0,0,0,0,0,0,0,0
1152,In Love and War (1996),0,0,0,0,0,0,0,0,0,0,0,0,0,1,0,0,1,0
645,Paris Is Burning (1990),0,0,0,0,0,0,1,0,0,0,0,0,0,0,0,0,0,0
664,"Paris, Texas (1984)",0,0,0,0,0,0,0,1,0,0,0,0,0,0,0,0,0,0
1104,C'est arrivé près de chez vous (1992),0,0,0,0,1,1,0,1,0,0,0,0,0,0,0,0,0,0
713,Othello (1995),0,0,0,0,0,0,0,1,0,0,0,0,0,0,0,0,0,0
1126,"Old Man and the Sea, The (1958)",0,1,0,0,0,0,0,1,0,0,0,0,0,0,0,0,0,0
1503,Gold Diggers: The Secret of Bear Mountain (1995),0,1,0,1,0,0,0,0,0,0,0,0,0,0,0,0,0,0
896,"Sweet Hereafter, The (1997)",0,0,0,0,0,0,0,1,0,0,0,0,0,0,0,0,0,0
1004,Geronimo: An American Legend (1993),0,0,0,0,0,0,0,1,0,0,0,0,0,0,0,0,0,1
1008,I Shot Andy Warhol (1996),0,0,0,0,0,0,0,1,0,0,0,0,0,0,0,0,0,0
1106,"Newton Boys, The (1998)",0,0,0,0,0,1,0,1,0,0,0,0,0,0,0,0,0,0
850,"Perfect Candidate, A (1996)",0,0,0,0,0,0,1,0,0,0,0,0,0,0,0,0,0,0
1226,Night Falls on Manhattan (1997),0,0,0,0,0,1,0,1,0,0,0,0,0,0,0,0,0,0
639,"Tin Drum, The (Blechtrommel, Die) (1979)",0,0,0,0,0,0,0,1,0,0,0,0,0,0,0,0,0,0
1500,Santa with Muscles (1996),0,0,0,0,1,0,0,0,0,0,0,0,0,0,0,0,0,0
1463,"Boys, Les (1997)",0,0,0,0,1,0,0,0,0,0,0,0,0,0,0,0,0,0
1495,Flirt (1995),0,0,0,0,0,0,0,1,0,0,0,0,0,0,0,0,0,0
1401,M. Butterfly (1993),0,0,0,0,0,0,0,1,0,0,0,0,0,0,0,0,0,0
119,Maya Lin: A Strong Clear Vision (1994),0,0,0,0,0,0,1,0,0,0,0,0,0,0,0,0,0,0
1312,"Pompatus of Love, The (1996)",0,0,0,0,1,0,0,1,0,0,0,0,0,0,0,0,0,0
537,My Own Private Idaho (1991),0,0,0,0,0,0,0,1,0,0,0,0,0,0,0,0,0,0
992,Head Above Water (1996),0,0,0,0,1,0,0,0,0,0,0,0,0,0,0,1,0,0
1192,"Boys of St. Vincent, The (1993)",0,0,0,0,0,0,0,1,0,0,0,0,0,0,0,0,0,0
1136,Ghosts of Mississippi (1996),0,0,0,0,0,0,0,1,0,0,0,0,0,0,0,0,0,0
814,"Great Day in Harlem, A (1994)",0,0,0,0,0,0,1,0,0,0,0,0,0,0,0,0,0,0
503,"Candidate, The (1972)",0,0,0,0,0,0,0,1,0,0,0,0,0,0,0,0,0,0
753,Burnt By the Sun (1994),0,0,0,0,0,0,0,1,0,0,0,0,0,0,0,0,0,0
1124,"Farewell to Arms, A (1932)",0,0,0,0,0,0,0,0,0,0,0,0,0,1,0,0,1,0
1520,"Fear, The (1995)",0,0,0,0,0,0,0,0,0,0,1,0,0,0,0,0,0,0
1123,"Last Time I Saw Paris, The (1954)",0,0,0,0,0,0,0,1,0,0,0,0,0,0,0,0,0,0
1190,That Old Feeling (1997),0,0,0,0,1,0,0,0,0,0,0,0,0,1,0,0,0,0
1459,Madame Butterfly (1995),0,0,0,0,0,0,0,0,0,0,0,1,0,0,0,0,0,0
1202,"Maybe, Maybe Not (Bewegte Mann, Der) (1994)",0,0,0,0,1,0,0,0,0,0,0,0,0,0,0,0,0,0
637,"Howling, The (1981)",0,0,0,0,1,0,0,0,0,0,1,0,0,0,0,0,0,0
390,Fear of a Black Hat (1993),0,0,0,0,1,0,0,0,0,0,0,0,0,0,0,0,0,0
538,Anastasia (1997),0,0,1,1,0,0,0,0,0,0,0,1,0,0,0,0,0,0
601,For Whom the Bell Tolls (1943),0,1,0,0,0,0,0,0,0,0,0,0,0,0,0,0,1,0
698,"Browning Version, The (1994)",0,0,0,0,0,0,0,1,0,0,0,0,0,0,0,0,0,0
1168,Little Buddha (1993),0,0,0,0,0,0,0,1,0,0,0,0,0,0,0,0,0,0
1077,Love and a .45 (1994),0,0,0,0,0,0,0,0,0,0,0,0,0,0,0,1,0,0
968,"Inspector General, The (1949)",0,0,0,0,0,0,0,0,0,0,0,1,0,0,0,0,0,0
1120,I'm Not Rappaport (1996),0,0,0,0,1,0,0,0,0,0,0,0,0,0,0,0,0,0
1221,When a Man Loves a Woman (1994),0,0,0,0,0,0,0,1,0,0,0,0,0,0,0,0,0,0
956,Nobody's Fool (1994),0,0,0,0,0,0,0,1,0,0,0,0,0,0,0,0,0,0
1024,Mrs. Dalloway (1997),0,0,0,0,0,0,0,0,0,0,0,0,0,1,0,0,0,0
711,"Substance of Fire, The (1996)",0,0,0,0,0,0,0,1,0,0,0,0,0,0,0,0,0,0
888,One Night Stand (1997),0,0,0,0,0,0,0,1,0,0,0,0,0,0,0,0,0,0
854,Bad Taste (1987),0,0,0,0,1,0,0,0,0,0,1,0,0,0,0,0,0,0
236,Citizen Ruth (1996),0,0,0,0,1,0,0,1,0,0,0,0,0,0,0,0,0,0
1368,Mina Tannenbaum (1994),0,0,0,0,0,0,0,1,0,0,0,0,0,0,0,0,0,0
889,"Tango Lesson, The (1997)",0,0,0,0,0,0,0,0,0,0,0,0,0,1,0,0,0,0
1466,Margaret's Museum (1995),0,0,0,0,0,0,0,1,0,0,0,0,0,0,0,0,0,0
776,Three Wishes (1995),0,0,0,0,0,0,0,1,0,0,0,0,0,0,0,0,0,0
1282,"Grass Harp, The (1995)",0,0,0,0,0,0,0,1,0,0,0,0,0,0,0,0,0,0
952,Blue in the Face (1995),0,0,0,0,1,0,0,0,0,0,0,0,0,0,0,0,0,0
46,Exotica (1994),0,0,0,0,0,0,0,1,0,0,0,0,0,0,0,0,0,0
1167,"Sum of Us, The (1994)",0,0,0,0,1,0,0,0,0,0,0,0,0,0,0,0,0,0
1446,"Bye Bye, Love (1995)",0,0,0,0,1,0,0,0,0,0,0,0,0,0,0,0,0,0
1143,Hard Eight (1996),0,0,0,0,0,1,0,0,0,0,0,0,0,0,0,1,0,0
1294,Ayn Rand: A Sense of Life (1997),0,0,0,0,0,0,1,0,0,0,0,0,0,0,0,0,0,0
1085,Carried Away (1996),0,0,0,0,0,0,0,1,0,0,0,0,0,1,0,0,0,0
1473,"Little Princess, The (1939)",0,0,0,1,0,0,0,1,0,0,0,0,0,0,0,0,0,0
1175,Hugo Pool (1997),0,0,0,0,0,0,0,0,0,0,0,0,0,1,0,0,0,0
970,Hear My Song (1991),0,0,0,0,1,0,0,0,0,0,0,0,0,0,0,0,0,0
1367,Faust (1994),0,0,1,0,0,0,0,0,0,0,0,0,0,0,0,0,0,0
837,Meet John Doe (1941),0,0,0,0,0,0,0,1,0,0,0,0,0,0,0,0,0,0
1296,Indian Summer (1996),0,0,0,0,1,0,0,1,0,0,0,0,0,0,0,0,0,0
1045,Fearless (1993),0,0,0,0,0,0,0,1,0,0,0,0,0,0,0,0,0,0
1166,Love & Human Remains (1993),0,0,0,0,1,0,0,0,0,0,0,0,0,0,0,0,0,0
857,Paris Was a Woman (1995),0,0,0,0,0,0,1,0,0,0,0,0,0,0,0,0,0,0
822,Faces (1968),0,0,0,0,0,0,0,1,0,0,0,0,0,0,0,0,0,0
1158,"Fille seule, La (A Single Girl) (1995)",0,0,0,0,0,0,0,1,0,0,0,0,0,0,0,0,0,0
967,Little Lord Fauntleroy (1936),0,0,0,0,0,0,0,1,0,0,0,0,0,0,0,0,0,0
1449,Pather Panchali (1955),0,0,0,0,0,0,0,1,0,0,0,0,0,0,0,0,0,0
592,True Crime (1995),0,0,0,0,0,0,0,0,0,0,0,0,1,0,0,1,0,0
1068,"Star Maker, The (Uomo delle stelle, L') (1995)",0,0,0,0,0,0,0,1,0,0,0,0,0,0,0,0,0,0
1056,Cronos (1992),0,0,0,0,0,0,0,0,0,0,1,0,0,0,0,0,0,0
1524,Kaspar Hauser (1993),0,0,0,0,0,0,0,1,0,0,0,0,0,0,0,0,0,0
1236,"Other Voices, Other Rooms (1997)",0,0,0,0,0,0,0,1,0,0,0,0,0,0,0,0,0,0
1285,Princess Caraboo (1994),0,0,0,0,0,0,0,1,0,0,0,0,0,0,0,0,0,0
1058,"War, The (1994)",0,1,0,0,0,0,0,1,0,0,0,0,0,0,0,0,0,0
916,Lost in Space (1998),1,0,0,0,0,0,0,0,0,0,0,0,0,0,1,1,0,0
1301,Stripes (1981),0,0,0,0,1,0,0,0,0,0,0,0,0,0,0,0,0,0
1148,Tom & Viv (1994),0,0,0,0,0,0,0,1,0,0,0,0,0,0,0,0,0,0
1388,Gabbeh (1996),0,0,0,0,0,0,0,1,0,0,0,0,0,0,0,0,0,0
1125,"Innocents, The (1961)",0,0,0,0,0,0,0,0,0,0,0,0,0,0,0,1,0,0
1485,"Colonel Chabert, Le (1994)",0,0,0,0,0,0,0,1,0,0,0,0,0,1,0,0,1,0
1310,"Walk in the Sun, A (1945)",0,0,0,0,0,0,0,1,0,0,0,0,0,0,0,0,0,0
1313,Palmetto (1998),0,0,0,0,0,0,0,0,0,1,0,0,1,0,0,1,0,0
1405,Boy's Life 2 (1997),0,0,0,0,0,0,0,1,0,0,0,0,0,0,0,0,0,0
459,"Cry, the Beloved Country (1995)",0,0,0,0,0,0,0,1,0,0,0,0,0,0,0,0,0,0
1469,Tom and Huck (1995),0,1,0,1,0,0,0,0,0,0,0,0,0,0,0,0,0,0
1536,Aiqing wansui (1994),0,0,0,0,0,0,0,1,0,0,0,0,0,0,0,0,0,0
1457,Love Is All There Is (1996),0,0,0,0,1,0,0,1,0,0,0,0,0,0,0,0,0,0
1404,Withnail and I (1987),0,0,0,0,1,0,0,0,0,0,0,0,0,0,0,0,0,0
1543,Johns (1996),0,0,0,0,0,0,0,1,0,0,0,0,0,0,0,0,0,0
1223,King of the Hill (1993),0,0,0,0,0,0,0,1,0,0,0,0,0,0,0,0,0,0
1302,Late Bloomers (1996),0,0,0,0,1,0,0,0,0,0,0,0,0,0,0,0,0,0
1443,8 Seconds (1994),0,0,0,0,0,0,0,1,0,0,0,0,0,0,0,0,0,0
701,"Wonderful, Horrible Life of Leni Riefenstahl, The (1993)",0,0,0,0,0,0,1,0,0,0,0,0,0,0,0,0,0,0
1195,Strawberry and Chocolate (Fresa y chocolate) (1993),0,0,0,0,0,0,0,1,0,0,0,0,0,0,0,0,0,0
1396,Stonewall (1995),0,0,0,0,0,0,0,1,0,0,0,0,0,0,0,0,0,0
1398,Anna (1996),0,0,0,0,0,0,0,1,0,0,0,0,0,0,0,0,0,0
75,Brother Minister: The Assassination of Malcolm X (1994),0,0,0,0,0,0,1,0,0,0,0,0,0,0,0,0,0,0
534,Traveller (1997),0,0,0,0,0,0,0,1,0,0,0,0,0,0,0,0,0,0
1458,"Damsel in Distress, A (1937)",0,0,0,0,1,0,0,0,0,0,0,1,0,1,0,0,0,0
1439,Jason's Lyric (1994),0,0,0,0,0,1,0,1,0,0,0,0,0,0,0,0,0,0
1554,Safe Passage (1994),0,0,0,0,0,0,0,1,0,0,0,0,0,0,0,0,0,0
1193,Before the Rain (Pred dozhdot) (1994),0,0,0,0,0,0,0,1,0,0,0,0,0,0,0,0,0,0
1075,"Man of No Importance, A (1994)",0,0,0,0,0,0,0,1,0,0,0,0,0,0,0,0,0,0
1533,I Don't Want to Talk About It (De eso no se habla) (1993),0,0,0,0,0,0,0,1,0,0,0,0,0,0,0,0,0,0
1176,Welcome To Sarajevo (1997),0,0,0,0,0,0,0,1,0,0,0,0,0,0,0,0,1,0
1456,Beat the Devil (1954),0,0,0,0,1,0,0,1,0,0,0,0,0,0,0,0,0,0
1531,Far From Home: The Adventures of Yellow Dog (1995),0,1,0,1,0,0,0,0,0,0,0,0,0,0,0,0,0,0
1421,My Crazy Life (Mi vida loca) (1993),0,0,0,0,0,0,0,1,0,0,0,0,0,0,0,0,0,0
730,"Queen Margot (Reine Margot, La) (1994)",0,0,0,0,0,0,0,1,0,0,0,0,0,1,0,0,0,0
1454,Angel and the Badman (1947),0,0,0,0,0,0,0,0,0,0,0,0,0,0,0,0,0,1
1103,Trust (1990),0,0,0,0,1,0,0,1,0,0,0,0,0,0,0,0,0,0
1477,Nightwatch (1997),0,0,0,0,0,0,0,0,0,0,1,0,0,0,0,1,0,0
1521,Mr. Wonderful (1993),0,0,0,0,1,0,0,0,0,0,0,0,0,1,0,0,0,0
1174,Caught (1996),0,0,0,0,0,0,0,1,0,0,0,0,0,0,0,1,0,0
1538,All Over Me (1997),0,0,0,0,0,0,0,1,0,0,0,0,0,0,0,0,0,0
1344,"Story of Xinghua, The (1993)",0,0,0,0,0,0,0,1,0,0,0,0,0,0,0,0,0,0
1377,Hotel de Love (1996),0,0,0,0,1,0,0,0,0,0,0,0,0,1,0,0,0,0
1264,Nothing to Lose (1994),0,0,0,0,0,0,0,1,0,0,0,0,0,0,0,0,0,0
1418,"Joy Luck Club, The (1993)",0,0,0,0,0,0,0,1,0,0,0,0,0,0,0,0,0,0
1156,Cyclo (1995),0,0,0,0,0,1,0,1,0,0,0,0,0,0,0,0,0,0
1406,When Night Is Falling (1995),0,0,0,0,0,0,0,1,0,0,0,0,0,1,0,0,0,0
935,Paradise Road (1997),0,0,0,0,0,0,0,1,0,0,0,0,0,0,0,0,1,0
1121,"Umbrellas of Cherbourg, The (Parapluies de Cherbourg, Les) (1964)",0,0,0,0,0,0,0,1,0,0,0,1,0,0,0,0,0,0
1252,"Contempt (Mépris, Le) (1963)",0,0,0,0,0,0,0,1,0,0,0,0,0,0,0,0,0,0
1505,Killer: A Journal of Murder (1995),0,0,0,0,0,1,0,1,0,0,0,0,0,0,0,0,0,0
1519,New Jersey Drive (1995),0,0,0,0,0,1,0,1,0,0,0,0,0,0,0,0,0,0
912,U.S. Marshalls (1998),1,0,0,0,0,0,0,0,0,0,0,0,0,0,0,1,0,0
1200,Kim (1950),0,0,0,1,0,0,0,1,0,0,0,0,0,0,0,0,0,0
1400,Picture Bride (1995),0,0,0,0,0,0,0,1,0,0,0,0,0,1,0,0,0,0
1375,"Cement Garden, The (1993)",0,0,0,0,0,0,0,1,0,0,0,0,0,0,0,0,0,0
1501,Prisoner of the Mountains (Kavkazsky Plennik) (1996),0,0,0,0,0,0,0,0,0,0,0,0,0,0,0,0,1,0
1591,Duoluo tianshi (1995),0,0,0,0,0,0,0,1,0,0,0,0,0,0,0,0,0,0
1269,Love in the Afternoon (1957),0,0,0,0,1,0,0,0,0,0,0,0,0,1,0,0,0,0
909,Dangerous Beauty (1998),0,0,0,0,0,0,0,1,0,0,0,0,0,0,0,0,0,0
1450,Golden Earrings (1947),0,1,0,0,0,0,0,0,0,0,0,0,0,1,0,0,0,0
1550,Destiny Turns on the Radio (1995),0,0,0,0,1,0,0,0,0,0,0,0,0,0,0,0,0,0
1154,Alphaville (1965),0,0,0,0,0,0,0,0,0,0,0,0,0,0,1,0,0,0
1237,Twisted (1996),0,0,0,0,1,0,0,1,0,0,0,0,0,0,0,0,0,0
1261,"Run of the Country, The (1995)",0,0,0,0,0,0,0,1,0,0,0,0,0,0,0,0,0,0
1504,"Bewegte Mann, Der (1994)",0,0,0,0,1,0,0,0,0,0,0,0,0,0,0,0,0,0
1238,Full Speed (1996),0,0,0,0,0,0,0,1,0,0,0,0,0,0,0,0,0,0
1064,Crossfire (1947),0,0,0,0,0,1,0,0,0,1,0,0,0,0,0,0,0,0
1537,Cosi (1996),0,0,0,0,1,0,0,0,0,0,0,0,0,0,0,0,0,0
296,"Promesse, La (1996)",0,0,0,0,0,0,0,1,0,0,0,0,0,0,0,0,0,0
1472,"Visitors, The (Visiteurs, Les) (1993)",0,0,0,0,1,0,0,0,0,0,0,0,0,0,1,0,0,0
1331,"Last Klezmer: Leopold Kozlowski, His Life and Music, The (1995)",0,0,0,0,0,0,1,0,0,0,0,0,0,0,0,0,0,0
1138,Best Men (1997),1,0,0,0,1,1,0,1,0,0,0,0,0,0,0,0,0,0
1523,"Good Man in Africa, A (1994)",1,1,0,0,0,0,0,0,0,0,0,0,0,0,0,0,0,0
1080,Celestial Clockwork (1994),0,0,0,0,1,0,0,0,0,0,0,0,0,0,0,0,0,0
1512,"World of Apu, The (Apur Sansar) (1959)",0,0,0,0,0,0,0,1,0,0,0,0,0,0,0,0,0,0
1483,"Man in the Iron Mask, The (1998)",1,0,0,0,0,0,0,1,0,0,0,0,0,1,0,0,0,0
917,Mercury Rising (1998),1,0,0,0,0,0,0,1,0,0,0,0,0,0,0,1,0,0
1589,Schizopolis (1996),0,0,0,0,1,0,0,0,0,0,0,0,0,0,0,0,0,0
1293,Star Kid (1997),0,1,0,1,0,0,0,0,1,0,0,0,0,0,1,0,0,0
1389,Mondo (1996),0,0,0,0,0,0,0,1,0,0,0,0,0,0,0,0,0,0
1447,Century (1993),0,0,0,0,0,0,0,1,0,0,0,0,0,0,0,0,0,0
1111,Double Happiness (1994),0,0,0,0,0,0,0,1,0,0,0,0,0,0,0,0,0,0
1235,"Big Bang Theory, The (1994)",0,0,0,0,0,1,0,0,0,0,0,0,0,0,0,0,0,0
1592,"Magic Hour, The (1998)",0,0,0,0,0,0,0,1,0,0,0,0,0,0,0,0,0,0
1547,"Show, The (1995)",0,0,0,0,0,0,1,0,0,0,0,0,0,0,0,0,0,0
1159,Stalker (1979),0,0,0,0,0,0,0,0,0,0,0,0,1,0,1,0,0,0
1506,Nelly & Monsieur Arnaud (1995),0,0,0,0,0,0,0,1,0,0,0,0,0,0,0,0,0,0
1468,"Cure, The (1995)",0,0,0,0,0,0,0,1,0,0,0,0,0,0,0,0,0,0
1204,To Be or Not to Be (1942),0,0,0,0,1,0,0,1,0,0,0,0,0,0,0,0,1,0
1426,Grace of My Heart (1996),0,0,0,0,1,0,0,1,0,0,0,0,0,0,0,0,0,0
1326,Boys (1996),0,0,0,0,0,0,0,1,0,0,0,0,0,0,0,0,0,0
899,"Winter Guest, The (1997)",0,0,0,0,0,0,0,1,0,0,0,0,0,0,0,0,0,0
677,Fire on the Mountain (1996),0,0,0,0,0,0,1,0,0,0,0,0,0,0,0,0,0,0
1514,Dream With the Fishes (1997),0,0,0,0,0,0,0,1,0,0,0,0,0,0,0,0,0,0
1558,Aparajito (1956),0,0,0,0,0,0,0,1,0,0,0,0,0,0,0,0,0,0
1510,Mad Dog Time (1996),0,0,0,0,0,1,0,0,0,0,0,0,0,0,0,0,0,0
1597,Romper Stomper (1992),1,0,0,0,0,0,0,1,0,0,0,0,0,0,0,0,0,0
600,Daniel Defoe's Robinson Crusoe (1996),0,0,0,1,0,0,0,0,0,0,0,0,0,0,0,0,0,0
1499,Grosse Fatigue (1994),0,0,0,0,1,0,0,0,0,0,0,0,0,0,0,0,0,0
1205,"Secret Agent, The (1996)",0,0,0,0,0,0,0,1,0,0,0,0,0,0,0,0,0,0
1191,"Letter From Death Row, A (1998)",0,0,0,0,0,1,0,1,0,0,0,0,0,0,0,0,0,0
1603,Angela (1995),0,0,0,0,0,0,0,1,0,0,0,0,0,0,0,0,0,0
1616,Desert Winds (1995),0,0,0,0,0,0,0,1,0,0,0,0,0,0,0,0,0,0
1526,Witness (1985),0,0,0,0,0,0,0,1,0,0,0,0,0,1,0,1,0,0
1605,Love Serenade (1996),0,0,0,0,1,0,0,0,0,0,0,0,0,0,0,0,0,0
1488,Germinal (1993),0,0,0,0,0,0,0,1,0,0,0,0,0,0,0,0,0,0
1516,"Wedding Gift, The (1994)",0,0,0,0,0,0,0,1,0,0,0,0,0,0,0,0,0,0
973,Grateful Dead (1995),0,0,0,0,0,0,1,0,0,0,0,0,0,0,0,0,0,0
1431,Legal Deceit (1997),0,0,0,0,0,0,0,0,0,0,0,0,0,0,0,1,0,0
851,Two or Three Things I Know About Her (1966),0,0,0,0,0,0,0,1,0,0,0,0,0,0,0,0,0,0
1507,Three Lives and Only One Death (1996),0,0,0,0,1,0,0,0,0,0,0,0,0,0,0,0,0,0
1593,Death in Brunswick (1991),0,0,0,0,1,0,0,0,0,0,0,0,0,0,0,0,0,0
1243,Night Flier (1997),0,0,0,0,0,0,0,0,0,0,1,0,0,0,0,0,0,0
1623,"Cérémonie, La (1995)",0,0,0,0,0,0,0,1,0,0,0,0,0,0,0,0,0,0
1511,Children of the Revolution (1996),0,0,0,0,1,0,0,0,0,0,0,0,0,0,0,0,0,0
1525,"Object of My Affection, The (1998)",0,0,0,0,1,0,0,0,0,0,0,0,0,1,0,0,0,0
1602,"Price Above Rubies, A (1998)",0,0,0,0,0,0,0,1,0,0,0,0,0,0,0,0,0,0
1381,Losing Chase (1996),0,0,0,0,0,0,0,1,0,0,0,0,0,0,0,0,0,0
1055,"Simple Twist of Fate, A (1994)",0,0,0,0,0,0,0,1,0,0,0,0,0,0,0,0,0,0
1440,Above the Rim (1994),0,0,0,0,0,0,0,1,0,0,0,0,0,0,0,0,0,0
1358,The Deadly Cure (1996),1,0,0,0,0,0,0,0,0,0,0,0,0,0,0,0,0,0
1171,Wild Reeds (1994),0,0,0,0,0,0,0,1,0,0,0,0,0,0,0,0,0,0
1619,All Things Fair (1996),0,0,0,0,0,0,0,1,0,0,0,0,0,0,0,0,0,0
1620,"Sixth Man, The (1997)",0,0,0,0,1,0,0,0,0,0,0,0,0,0,0,0,0,0
1155,"Rendezvous in Paris (Rendez-vous de Paris, Les) (1995)",0,0,0,0,1,0,0,0,0,0,0,0,0,1,0,0,0,0
799,Boys Life (1995),0,0,0,0,0,0,0,1,0,0,0,0,0,0,0,0,0,0
1535,"Enfer, L' (1994)",0,0,0,0,0,0,0,1,0,0,0,0,0,0,0,0,0,0
1615,Warriors of Virtue (1997),1,1,0,1,0,0,0,0,1,0,0,0,0,0,0,0,0,0
1541,"Beans of Egypt, Maine, The (1994)",0,0,0,0,0,0,0,1,0,0,0,0,0,0,0,0,0,0
1651,"Spanish Prisoner, The (1997)",0,0,0,0,0,0,0,1,0,0,0,0,0,0,0,1,0,0
1614,"Reluctant Debutante, The (1958)",0,0,0,0,1,0,0,1,0,0,0,0,0,0,0,0,0,0
1251,A Chef in Love (1996),0,0,0,0,1,0,0,0,0,0,0,0,0,0,0,0,0,0
1233,Nénette et Boni (1996),0,0,0,0,0,0,0,1,0,0,0,0,0,0,0,0,0,0
1612,"Leading Man, The (1996)",0,0,0,0,0,0,0,0,0,0,0,0,0,1,0,0,0,0
1599,Someone Else's America (1995),0,0,0,0,0,0,0,1,0,0,0,0,0,0,0,0,0,0
1649,"Big One, The (1997)",0,0,0,0,1,0,1,0,0,0,0,0,0,0,0,0,0,0
1656,Little City (1998),0,0,0,0,1,0,0,0,0,0,0,0,0,1,0,0,0,0
1491,Tough and Deadly (1995),1,0,0,0,0,0,0,1,0,0,0,0,0,0,0,1,0,0
1642,Some Mother's Son (1996),0,0,0,0,0,0,0,1,0,0,0,0,0,0,0,0,0,0
1629,Nico Icon (1995),0,0,0,0,0,0,1,0,0,0,0,0,0,0,0,0,0,0
1481,S.F.W. (1994),0,0,0,0,0,0,0,1,0,0,0,0,0,0,0,0,0,0
1628,Lamerica (1994),0,0,0,0,0,0,0,1,0,0,0,0,0,0,0,0,0,0
1144,"Quiet Room, The (1996)",0,0,0,0,0,0,0,1,0,0,0,0,0,0,0,0,0,0
1490,Fausto (1993),0,0,0,0,1,0,0,0,0,0,0,0,0,0,0,0,0,0
1600,Guantanamera (1994),0,0,0,0,1,0,0,0,0,0,0,0,0,0,0,0,0,0
1653,Entertaining Angels: The Dorothy Day Story (1996),0,0,0,0,0,0,0,1,0,0,0,0,0,0,0,0,0,0
1452,Lady of Burlesque (1943),0,0,0,0,1,0,0,0,0,0,0,0,1,0,0,0,0,0
1482,"Gate of Heavenly Peace, The (1995)",0,0,0,0,0,0,1,0,0,0,0,0,0,0,0,0,0,0
1657,Target (1995),1,0,0,0,0,0,0,1,0,0,0,0,0,0,0,0,0,0
1639,Bitter Sugar (Azucar Amargo) (1996),0,0,0,0,0,0,0,1,0,0,0,0,0,0,0,0,0,0
1650,"Butcher Boy, The (1998)",0,0,0,0,0,0,0,1,0,0,0,0,0,0,0,0,0,0
1196,"Savage Nights (Nuits fauves, Les) (1992)",0,0,0,0,0,0,0,1,0,0,0,0,0,0,0,0,0,0
1515,Wings of Courage (1995),0,1,0,0,0,0,0,0,0,0,0,0,0,1,0,0,0,0
1646,Men With Guns (1997),1,0,0,0,0,0,0,1,0,0,0,0,0,0,0,0,0,0
1632,Land and Freedom (Tierra y libertad) (1995),0,0,0,0,0,0,0,0,0,0,0,0,0,0,0,0,1,0
1647,Hana-bi (1997),0,0,0,0,1,1,0,1,0,0,0,0,0,0,0,0,0,0
1643,Angel Baby (1995),0,0,0,0,0,0,0,1,0,0,0,0,0,0,0,0,0,0
1664,8 Heads in a Duffel Bag (1997),0,0,0,0,1,0,0,0,0,0,0,0,0,0,0,0,0,0
1613,Tokyo Fist (1995),1,0,0,0,0,0,0,1,0,0,0,0,0,0,0,0,0,0
1130,Jupiter's Wife (1994),0,0,0,0,0,0,1,0,0,0,0,0,0,0,0,0,0,0
1467,"Saint of Fort Washington, The (1993)",0,0,0,0,0,0,0,1,0,0,0,0,0,0,0,0,0,0
1673,Mirage (1995),1,0,0,0,0,0,0,0,0,0,0,0,0,0,0,1,0,0
1633,Á köldum klaka (Cold Fever) (1994),0,0,0,0,1,0,0,1,0,0,0,0,0,0,0,0,0,0
1677,Sweet Nothing (1995),0,0,0,0,0,0,0,1,0,0,0,0,0,0,0,0,0,0
1679,B. Monkey (1998),0,0,0,0,0,0,0,0,0,0,0,0,0,1,0,1,0,0
1635,Two Friends (1986) ,0,0,0,0,0,0,0,1,0,0,0,0,0,0,0,0,0,0
1631,"Slingshot, The (1993)",0,0,0,0,1,0,0,1,0,0,0,0,0,0,0,0,0,0
1542,"Scarlet Letter, The (1926)",0,0,0,0,0,0,0,1,0,0,0,0,0,0,0,0,0,0
1122,They Made Me a Criminal (1939),0,0,0,0,0,1,0,1,0,0,0,0,0,0,0,0,0,0
1201,Marlene Dietrich: Shadow and Light (1996) ,0,0,0,0,0,0,1,0,0,0,0,0,0,0,0,0,0,0
1627,"Wife, The (1995)",0,0,0,0,1,0,0,1,0,0,0,0,0,0,0,0,0,0
1611,Intimate Relations (1996),0,0,0,0,1,0,0,0,0,0,0,0,0,0,0,0,0,0
1668,Wedding Bell Blues (1996),0,0,0,0,1,0,0,0,0,0,0,0,0,0,0,0,0,0
1604,He Walked by Night (1948),0,0,0,0,0,1,0,0,0,1,0,0,0,0,0,1,0,0
1448,My Favorite Season (1993),0,0,0,0,0,0,0,1,0,0,0,0,0,0,0,0,0,0
1670,Tainted (1998),0,0,0,0,1,0,0,0,0,0,0,0,0,0,0,1,0,0
1636,Brothers in Trouble (1995),0,0,0,0,0,0,0,1,0,0,0,0,0,0,0,0,0,0
1681,You So Crazy (1994),0,0,0,0,1,0,0,0,0,0,0,0,0,0,0,0,0,0
1638,Normal Life (1996),0,0,0,0,0,1,0,1,0,0,0,0,0,0,0,0,0,0
1667,"Next Step, The (1995)",0,0,0,0,0,0,0,1,0,0,0,0,0,0,0,0,0,0
1675,"Sunchaser, The (1996)",0,0,0,0,0,0,0,1,0,0,0,0,0,0,0,0,0,0
1460,Sleepover (1995),0,0,0,0,1,0,0,1,0,0,0,0,0,0,0,0,0,0
1594,Everest (1998),0,0,0,0,0,0,1,0,0,0,0,0,0,0,0,0,0,0
1682,Scream of Stone (Schrei aus Stein) (1991),0,0,0,0,0,0,0,1,0,0,0,0,0,0,0,0,0,0
1674,Mamma Roma (1962),0,0,0,0,0,0,0,1,0,0,0,0,0,0,0,0,0,0
1640,"Eighth Day, The (1996)",0,0,0,0,0,0,0,1,0,0,0,0,0,0,0,0,0,0
1637,Girls Town (1996),0,0,0,0,0,0,0,1,0,0,0,0,0,0,0,0,0,0
1630,"Silence of the Palace, The (Saimt el Qusur) (1994)",0,0,0,0,0,0,0,1,0,0,0,0,0,0,0,0,0,0
1641,Dadetown (1995),0,0,0,0,0,0,1,0,0,0,0,0,0,0,0,0,0,0
